label,total,correct,accuracy
0,260,218,0.8384615384615385
1,260,147,0.5653846153846154
2,260,201,0.7730769230769231
3,260,105,0.40384615384615385
4,260,159,0.6115384615384616
5,260,88,0.3384615384615385
6,260,224,0.8615384615384616
7,260,112,0.4307692307692308
8,260,193,0.7423076923076923
9,260,207,0.7961538461538461
