label,total,correct,accuracy
0,260,227,0.8730769230769231
1,260,140,0.5384615384615384
2,260,191,0.7346153846153847
3,260,145,0.5576923076923077
4,260,175,0.6730769230769231
5,260,79,0.3038461538461538
6,260,220,0.8461538461538461
7,260,83,0.3192307692307692
8,260,208,0.8
9,260,194,0.7461538461538462
