epoch,lr,alpha,train_loss,mixed_loss,gold_stability_loss,train_accuracy,mean_r_prob,mean_r_sim,mean_gold_consistency,mean_control,val_loss,val_accuracy,test_loss,test_accuracy
1,0.001,2.0,2.2948929337128474,2.09128448075114,2.03608465640511,0.2913238593866866,0.1471126502186127,0.8485343165600933,0.7082499944191863,0.7330765321170918,2.473136279120374,0.34328358208955223,2.5453453984432417,0.3573610262675626
2,0.001,2.0,1.7966466370855771,1.622448795218029,1.7419784361511892,0.41548242333582647,0.14711264754375952,0.8485343094271515,0.7082499858596563,0.7330765392500336,2.0258301087279817,0.5,2.1369076927187387,0.4471594379963348
3,0.001,2.0,1.5663550188939075,1.408846780891818,1.5750824225510602,0.47213911742707554,0.14711265039693622,0.8485343179866817,0.7082499958457747,0.7330765421032103,2.2391498711571765,0.4253731343283582,2.285173264813991,0.4221136224801466
4,0.001,2.0,1.3998637700491017,1.2525103151040373,1.4735345177090515,0.5194465220643231,0.14711264879202432,0.8485343065739748,0.7082499986989514,0.7330765463829754,1.7687128995781514,0.5373134328358209,1.9337253384861046,0.4954184483811851
5,0.001,2.0,1.2472610377338098,1.1118492299082035,1.354118072906357,0.5691847419596111,0.14711264700878887,0.8485343137069166,0.708249988712833,0.7330765435297987,2.0921768359283903,0.5074626865671642,2.0316171114519013,0.47648136835675015
6,0.001,2.0,1.1561173417270407,1.0290476494345455,1.2706969768678242,0.587696335078534,0.14711264807873015,0.8485343208398584,0.7082499986989514,0.7330765535159172,1.93633814178296,0.5074626865671642,2.0231808313306834,0.5045815516188149
7,0.001,2.0,1.0799198881761298,0.9589641128535046,1.2095577734659746,0.6224756918474196,0.1471126479004066,0.84853431941327,0.708249988712833,0.7330765421032103,2.1836731807509464,0.48507462686567165,2.1697410612333528,0.4648747709224191
