epoch,lr,alpha,train_loss,mixed_loss,gold_stability_loss,train_accuracy,mean_r_prob,mean_r_sim,mean_gold_consistency,mean_control,val_loss,val_accuracy,test_loss,test_accuracy
1,0.001,2.0,0.6190152818030054,0.5631718232081486,0.744579447887756,0.45975274725274723,0.4087765688424582,0.8567374648628654,0.45357264424418353,0.489018150476309,0.7262911146686923,0.7548387096774194,1.0401251061146075,0.6330769230769231
2,0.001,2.0,0.5368391512514471,0.4878712198236486,0.6529057764745021,0.5097527472527472,0.4087765656984769,0.8567374564789154,0.4535726494841523,0.4890181510003058,0.7361181393746407,0.7516129032258064,1.0241608016307537,0.6565384615384615
3,0.001,2.0,0.5050647613766429,0.4593468739436223,0.6095718521338243,0.5318681318681319,0.40877656360248943,0.8567374554309216,0.4535726479121617,0.4890181478563246,0.7511937179873066,0.7387096774193549,0.9901812100410461,0.6657692307692308
4,0.001,2.0,0.46894332943381845,0.42644493992512045,0.5666451592366774,0.5560439560439561,0.4087765646504832,0.8567374680068467,0.4535726468641679,0.48901814628433393,0.7307417942631629,0.7483870967741936,1.04473254607274,0.6534615384615384
