label,total,correct,accuracy
0,260,190,0.7307692307692307
1,260,146,0.5615384615384615
2,260,220,0.8461538461538461
3,260,121,0.4653846153846154
4,260,154,0.5923076923076923
5,260,149,0.573076923076923
6,260,222,0.8538461538461538
7,260,137,0.5269230769230769
8,260,214,0.823076923076923
9,260,178,0.6846153846153846
