label,total,correct,accuracy
0,260,222,0.8538461538461538
1,260,177,0.6807692307692308
2,260,228,0.8769230769230769
3,260,184,0.7076923076923077
4,260,187,0.7192307692307692
5,260,167,0.6423076923076924
6,260,187,0.7192307692307692
7,260,181,0.6961538461538461
8,260,213,0.8192307692307692
9,260,185,0.7115384615384616
