epoch,lr,alpha,train_loss,mixed_loss,gold_stability_loss,train_accuracy,mean_r_prob,mean_r_sim,mean_gold_consistency,mean_control,val_loss,val_accuracy,test_loss,test_accuracy
1,0.001,2.0,1.2129339113340274,1.0317459651402066,0.9059397265151307,0.43626373626373627,0.4079222532419058,0.8686224214323275,0.6382723326211447,0.6575637838342687,0.9133739386835406,0.7290322580645161,1.107100879229032,0.6180769230769231
2,0.001,2.0,1.0621560927275773,0.9099709979780428,0.7609254514778053,0.5002747252747253,0.40792224695394325,0.8686224120003837,0.6382723284291697,0.6575637890742375,0.8756588374414752,0.7290322580645161,1.074224839577308,0.6407692307692308
3,0.001,2.0,1.001107630755875,0.8637515985048734,0.6867801540500516,0.5333791208791209,0.40792225271790894,0.868622423528315,0.6382723389091073,0.6575637859302562,0.7887886531891362,0.7548387096774194,1.008051235125615,0.6592307692307692
4,0.001,2.0,0.9525832798454787,0.8256590127944946,0.6346213110200651,0.5490384615384616,0.40792224957392764,0.8686224182883462,0.6382723305251572,0.6575637859302562,0.8802616896167879,0.7,1.1181850858835074,0.6119230769230769
5,0.001,2.0,0.9264167105758583,0.8051463603973389,0.606351743556641,0.5653846153846154,0.4079222506219214,0.8686224193363399,0.638272331573151,0.6575637838342687,0.8830906891053723,0.7032258064516129,1.0839726561766405,0.6434615384615384
6,0.001,2.0,0.9016774570548928,0.7824114025294125,0.5963302692214211,0.5763736263736263,0.4079222506219214,0.8686224151443649,0.6382723305251572,0.6575637796422937,0.709243074540169,0.7645161290322581,0.9461211952796349,0.6965384615384616
7,0.001,2.0,0.8570912971601381,0.7478451961999412,0.5462305032289945,0.5951923076923077,0.40792224747794015,0.8686224172403524,0.638272335765126,0.657563782786275,0.7576901597361411,0.7580645161290323,0.986811799636254,0.6653846153846154
8,0.001,2.0,0.8354473998258402,0.7308913583283896,0.5227801975313123,0.607554945054945,0.40792224957392764,0.8686224203843337,0.6382723347171322,0.657563782786275,0.7445784376513573,0.7419354838709677,0.9755433790500347,0.6646153846153846
9,0.001,2.0,0.7903458204898205,0.6920331412619287,0.49156338638001745,0.6201923076923077,0.40792224957392764,0.8686224214323275,0.6382723294771635,0.6575637901222313,0.7388218318262408,0.7580645161290323,0.8939370054465073,0.6996153846153846
