label,total,correct,accuracy
0,260,223,0.8576923076923076
1,260,161,0.6192307692307693
2,260,187,0.7192307692307692
3,260,180,0.6923076923076923
4,260,192,0.7384615384615385
5,260,74,0.2846153846153846
6,260,210,0.8076923076923077
7,260,174,0.6692307692307692
8,260,216,0.8307692307692308
9,260,202,0.7769230769230769
