epoch,lr,alpha,train_loss,mixed_loss,gold_stability_loss,train_accuracy,mean_r_prob,mean_r_sim,mean_gold_consistency,mean_control,val_loss,val_accuracy,test_loss,test_accuracy
1,0.001,2.0,1.7574885881864108,1.4920951196125576,1.0615738682694487,0.35521978021978023,0.25415826813205256,0.7636789950695667,0.7636789950695667,0.7768372430906191,1.0494460352005497,0.6483870967741936,1.2843172139387864,0.5311538461538462
2,0.001,2.0,1.6084654242127807,1.38938681607718,0.8763144639822152,0.40453296703296704,0.2541582689180479,0.7636790024055229,0.7636790024055229,0.7768372409946316,1.1189087606245471,0.6419354838709678,1.3249333598063542,0.5311538461538462
3,0.001,2.0,1.522659269270006,1.3356423333450989,0.7480677374116667,0.4303571428571429,0.2541582673460573,0.7636789919255854,0.7636789919255854,0.7768372409946316,0.9540066603691347,0.6645161290322581,1.1666237324934738,0.6007692307692307
4,0.001,2.0,1.4791563165056836,1.3053963747653332,0.6950397708913783,0.44793956043956046,0.25415826813205256,0.7636789982135479,0.7636789982135479,0.7768372472825941,1.0289593512012112,0.6419354838709678,1.3210147248781645,0.5576923076923077
5,0.001,2.0,1.4276827261998104,1.2666372566432744,0.6441818804531307,0.4657967032967033,0.25415826813205256,0.7636789940215729,0.7636789940215729,0.7768372451866066,0.8405791774872811,0.7387096774193549,1.1347112450232872,0.6173076923076923
6,0.001,2.0,1.3864568291129646,1.2412866571447352,0.5806806865629259,0.476510989010989,0.2541582670840588,0.7636789919255854,0.7636789919255854,0.7768372420426254,1.0177013958654095,0.6741935483870968,1.3022618161714994,0.5769230769230769
7,0.001,2.0,1.3396795888523478,1.2020794417831924,0.5504005544788235,0.493956043956044,0.2541582676080557,0.7636789940215729,0.7636789940215729,0.7768372368026566,0.9755828072947841,0.7032258064516129,1.3023121228584877,0.5923076923076923
8,0.001,2.0,1.3075122007956872,1.178722562108721,0.5151585631318145,0.5048076923076923,0.2541582676080557,0.7636789961175604,0.7636789961175604,0.7768372462346004,1.4897008388273179,0.5774193548387097,1.8375291677621695,0.5196153846153846
