epoch,lr,alpha,train_loss,mixed_loss,gold_stability_loss,train_accuracy,mean_r_prob,mean_r_sim,mean_gold_consistency,mean_control,val_loss,val_accuracy,test_loss,test_accuracy
1,0.001,2.0,1.7609272055573515,1.4942782556617653,1.066595804298317,0.3532967032967033,0.25415826813205256,0.7636789877336104,0.7636789877336104,0.7768372430906191,1.0437168905811924,0.6580645161290323,1.2788431959885818,0.5346153846153846
2,0.001,2.0,1.6067330446872083,1.388068593465365,0.8746577629676232,0.40384615384615385,0.2541582689180479,0.7636790024055229,0.7636790024055229,0.7768372430906191,1.0723463012326149,0.632258064516129,1.3095751168177678,0.5330769230769231
3,0.001,2.0,1.5215621408525404,1.3342629982874943,0.7491965764171474,0.43351648351648353,0.2541582673460573,0.7636789940215729,0.7636789940215729,0.7768372409946316,0.9474754610369283,0.6838709677419355,1.1662890320557815,0.5919230769230769
4,0.001,2.0,1.4788821147038387,1.3053833201691345,0.6939951721128527,0.44258241758241756,0.25415826813205256,0.7636789929735791,0.7636789929735791,0.7768372430906191,0.9500153157018846,0.6645161290322581,1.196019900028522,0.5838461538461538
5,0.001,2.0,1.4286945374457392,1.2679680502021706,0.6429059170104645,0.46634615384615385,0.25415826813205256,0.7636789919255854,0.7636789919255854,0.7768372441386129,0.8557623290246533,0.7290322580645161,1.1382550081839928,0.6188461538461538
6,0.001,2.0,1.386397567162147,1.240082342022068,0.5852609055382865,0.47568681318681316,0.2541582670840588,0.7636789919255854,0.7636789919255854,0.7768372420426254,1.1329664614892776,0.6580645161290323,1.4295509176987868,0.556923076923077
7,0.001,2.0,1.3367887690827087,1.1993421981622885,0.5497862648177932,0.4965659340659341,0.2541582676080557,0.7636789940215729,0.7636789940215729,0.7768372347066691,1.0092343561110957,0.6870967741935484,1.3410573302782498,0.5807692307692308
8,0.001,2.0,1.304385231091426,1.1766981690794558,0.5107482518468585,0.5074175824175824,0.2541582676080557,0.7636789940215729,0.7636789940215729,0.7768372472825941,1.1984822004072129,0.6161290322580645,1.505709697650029,0.5492307692307692
