label,total,correct,accuracy
0,260,226,0.8692307692307693
1,260,146,0.5615384615384615
2,260,221,0.85
3,260,136,0.5230769230769231
4,260,127,0.48846153846153845
5,260,59,0.22692307692307692
6,260,221,0.85
7,260,111,0.4269230769230769
8,260,185,0.7115384615384616
9,260,177,0.6807692307692308
