label,total,correct,accuracy
0,260,220,0.8461538461538461
1,260,139,0.5346153846153846
2,260,220,0.8461538461538461
3,260,135,0.5192307692307693
4,260,139,0.5346153846153846
5,260,85,0.3269230769230769
6,260,213,0.8192307692307692
7,260,81,0.31153846153846154
8,260,179,0.6884615384615385
9,260,194,0.7461538461538462
