epoch,lr,alpha,train_loss,mixed_loss,gold_stability_loss,train_accuracy,mean_r_prob,mean_r_sim,mean_gold_consistency,mean_control,val_loss,val_accuracy,test_loss,test_accuracy
1,0.001,2.0,0.9299847465295058,0.761379333118816,0.8430270471415677,0.5089285714285714,0.28303253703064973,0.878667347247784,0.5808499420082176,0.6088981230180343,0.9839055507413803,0.6516129032258065,1.3036583640025212,0.5184615384615384
2,0.001,2.0,0.7664203201021467,0.6282440916522518,0.6908811055696927,0.5851648351648352,0.2830325357206575,0.8786673493437714,0.5808499420082176,0.6088981209220466,0.8996909664523217,0.6935483870967742,1.1547357559204101,0.5811538461538461
3,0.001,2.0,0.6839081313583877,0.5627697797921988,0.6056917724373576,0.6333791208791208,0.28303253441066534,0.8786673514397589,0.580849948820177,0.6088981177780655,0.8261396442690203,0.7322580645161291,1.0117657575240502,0.6480769230769231
4,0.001,2.0,0.6374524128306043,0.5269751992854443,0.5523860609138405,0.648489010989011,0.2830325349346622,0.8786673535357464,0.5808499383402395,0.6088981261620154,0.7429317112891904,0.7774193548387097,0.964765516427847,0.6634615384615384
5,0.001,2.0,0.5739186795858237,0.4760760205132621,0.4892132786604074,0.6811813186813187,0.28303253519666066,0.8786673493437714,0.5808499462001926,0.6088981219700405,0.8209849180713776,0.7387096774193549,1.0441625176943266,0.6411538461538462
6,0.001,2.0,0.5472951350631294,0.45516101410100746,0.4606706040246146,0.6896978021978022,0.28303253362467,0.8786673441038026,0.5808499462001926,0.6088981314019842,0.7793006946963649,0.7322580645161291,1.0155539501630344,0.6442307692307693
7,0.001,2.0,0.501053031198271,0.4160938057925675,0.42479611982356064,0.7276098901098901,0.28303253388666844,0.8786673514397589,0.5808499482961801,0.6088981230180343,0.8094239750216085,0.7419354838709677,1.0662558427223792,0.6396153846153846
