label,total,correct,accuracy
0,260,224,0.8615384615384616
1,260,185,0.7115384615384616
2,260,207,0.7961538461538461
3,260,163,0.6269230769230769
4,260,192,0.7384615384615385
5,260,179,0.6884615384615385
6,260,187,0.7192307692307692
7,260,133,0.5115384615384615
8,260,240,0.9230769230769231
9,260,177,0.6807692307692308
