label,total,correct,accuracy
0,260,224,0.8615384615384616
1,260,203,0.7807692307692308
2,260,211,0.8115384615384615
3,260,158,0.6076923076923076
4,260,177,0.6807692307692308
5,260,116,0.4461538461538462
6,260,181,0.6961538461538461
7,260,172,0.6615384615384615
8,260,229,0.8807692307692307
9,260,184,0.7076923076923077
