epoch,lr,alpha,train_loss,mixed_loss,gold_stability_loss,train_accuracy,mean_r_prob,mean_r_sim,mean_gold_consistency,mean_control,val_loss,val_accuracy,test_loss,test_accuracy
1,0.001,2.0,0.6050275306125263,0.5264460919322548,0.785814363353855,0.44148351648351647,0.38802257579761545,0.8584326429681464,0.41154307166298665,0.46010881203871506,0.8404709400669221,0.7225806451612903,1.0792317826931292,0.6203846153846154
2,0.001,2.0,0.5113135664017646,0.4453224227978633,0.6599114535929083,0.49835164835164836,0.38802257841759985,0.8584326450641339,0.41154307742695234,0.46010880941873067,0.7726964608315499,0.7483870967741936,0.9891495013236999,0.6515384615384615
3,0.001,2.0,0.47557663459044236,0.4151114440226293,0.6046518841942589,0.5315934065934066,0.388022577893603,0.8584326387761714,0.41154307166298665,0.46010881256271197,0.7786863296262679,0.7677419354838709,1.0224882400952853,0.6473076923076924
4,0.001,2.0,0.4570569024636195,0.4000780338769431,0.5697886724393446,0.5396978021978022,0.38802257579761545,0.8584326440161401,0.41154307428297104,0.4601088136107057,0.8151220963847252,0.7225806451612903,1.1391088722302363,0.6134615384615385
5,0.001,2.0,0.4393783691165211,0.38523878173513726,0.5413958698838621,0.5565934065934066,0.38802257370162796,0.8584326408721589,0.4115430753309648,0.46010881727868386,0.7950849236980562,0.7387096774193549,1.0160266197644747,0.6630769230769231
