label,total,correct,accuracy
0,260,211,0.8115384615384615
1,260,164,0.6307692307692307
2,260,208,0.8
3,260,97,0.3730769230769231
4,260,186,0.7153846153846154
5,260,107,0.4115384615384615
6,260,218,0.8384615384615385
7,260,116,0.4461538461538462
8,260,208,0.8
9,260,209,0.8038461538461539
