epoch,lr,alpha,train_loss,mixed_loss,gold_stability_loss,train_accuracy,mean_r_prob,mean_r_sim,mean_gold_consistency,mean_control,val_loss,val_accuracy,test_loss,test_accuracy
1,0.001,2.0,0.9957965434087954,0.8485259703494937,1.4727057324654145,0.26869857890800297,0.1662274355663679,0.8165552485943197,0.23126020980755072,0.30937273928543124,2.044834990999592,0.5,2.40235280684749,0.4092852779474649
2,0.001,2.0,0.8356213184462257,0.7160468940513742,1.1957442062330852,0.3421839940164548,0.16622743306983828,0.8165552414613779,0.23126021159078616,0.30937274641837303,1.8084502611587296,0.5074626865671642,2.1486909294827505,0.4526572999389126
3,0.001,2.0,0.7531357975530375,0.6502008056052158,1.0293499110970108,0.39210919970082275,0.1662274323565441,0.8165552357550245,0.2312602105208449,0.3093727474883143,1.7771773961052966,0.47761194029850745,2.1214660574331035,0.4654856444715944
4,0.001,2.0,0.6945352320717446,0.6049702797884716,0.895649550740364,0.4220269259536275,0.16622743503139728,0.8165552371816128,0.23126021159078616,0.30937274570507883,1.641930423565765,0.5895522388059702,1.984734899399116,0.4960293219303604
5,0.001,2.0,0.636313153097856,0.5586108163656721,0.777023333262042,0.4618548990276739,0.16622743413977956,0.8165552343284361,0.2312602130173745,0.30937274641837303,1.510375684766627,0.5895522388059702,1.8881963155731314,0.5149664019547954
6,0.001,2.0,0.5923312039810414,0.5242399672072774,0.6809123398300062,0.4919596110695587,0.16622743324816183,0.8165552314752594,0.23126021159078616,0.30937274641837303,1.6377619931946938,0.5447761194029851,1.9217629304511852,0.5106902871105681
7,0.001,2.0,0.5611500570198094,0.4987355628027877,0.6241449312478995,0.5106581899775617,0.16622743271319118,0.8165552357550245,0.2312602112341391,0.3093727449917847,1.5390477527433366,0.5895522388059702,1.8098469868475298,0.5406230910201588
8,0.001,2.0,0.5268923976391041,0.4702701001534644,0.5662230105211062,0.525056095736724,0.1662274352097208,0.816555230048671,0.231260210877492,0.30937274641837303,1.5967617986807183,0.5298507462686567,1.8732341759512172,0.5235186316432499
