label,total,correct,accuracy
0,260,208,0.8
1,260,182,0.7
2,260,204,0.7846153846153846
3,260,145,0.5576923076923077
4,260,163,0.6269230769230769
5,260,93,0.3576923076923077
6,260,162,0.6230769230769231
7,260,152,0.5846153846153846
8,260,229,0.8807692307692307
9,260,171,0.6576923076923077
