label,total,correct,accuracy
0,260,221,0.85
1,260,128,0.49230769230769234
2,260,204,0.7846153846153846
3,260,147,0.5653846153846154
4,260,106,0.4076923076923077
5,260,107,0.4115384615384615
6,260,210,0.8076923076923077
7,260,171,0.6576923076923077
8,260,203,0.7807692307692308
9,260,178,0.6846153846153846
