label,total,correct,accuracy
0,260,216,0.8307692307692308
1,260,153,0.5884615384615385
2,260,190,0.7307692307692307
3,260,162,0.6230769230769231
4,260,109,0.41923076923076924
5,260,110,0.4230769230769231
6,260,208,0.8
7,260,129,0.49615384615384617
8,260,203,0.7807692307692308
9,260,202,0.7769230769230769
