epoch,lr,alpha,train_loss,mixed_loss,gold_stability_loss,train_accuracy,mean_r_prob,mean_r_sim,mean_gold_consistency,mean_control,val_loss,val_accuracy,test_loss,test_accuracy
1,0.001,2.0,0.5472646713256836,0.4767318368613065,0.7053283235528967,0.4635989010989011,0.4087765688424582,0.8567374669588529,0.4087765688424582,0.45818145248916126,0.7440708987174496,0.7387096774193549,1.0795771837234498,0.6242307692307693
2,0.001,2.0,0.46491947776668674,0.40596051622223067,0.5895895994626559,0.5070054945054945,0.4087765656984769,0.8567374554309216,0.4087765656984769,0.458181453537155,0.7275473913838787,0.7483870967741936,1.0311567220321067,0.655
3,0.001,2.0,0.433405858867771,0.3795152216822236,0.5389063649125152,0.5326923076923077,0.40877656360248943,0.8567374564789154,0.40877656360248943,0.4581814488211831,0.7306202177078494,0.7516129032258064,1.0675115220363323,0.6519230769230769
4,0.001,2.0,0.40602701352192805,0.35448141589269533,0.5154559685633733,0.5486263736263737,0.4087765646504832,0.8567374669588529,0.4087765646504832,0.45818145248916126,0.6988440279037722,0.7612903225806451,1.0696744654728816,0.6473076923076924
5,0.001,2.0,0.3883589825132391,0.33970835922838566,0.486506227346567,0.5664835164835165,0.4087765662224738,0.8567374638148717,0.4087765662224738,0.4581814509171706,0.5764978247304117,0.7935483870967742,0.9344815455950224,0.6946153846153846
6,0.001,2.0,0.37159064150118565,0.32705081020082744,0.44539831300358196,0.5813186813186814,0.4087765630784925,0.8567374638148717,0.4087765630784925,0.45818145144116745,0.6215769379369674,0.7838709677419354,0.9509936055770287,0.6757692307692308
7,0.001,2.0,0.3513791613526397,0.309085526571169,0.42293634185424217,0.593543956043956,0.4087765651744801,0.8567374617188841,0.4087765651744801,0.45818145144116745,0.6182323901884017,0.7806451612903226,0.9471789391224201,0.6857692307692308
8,0.001,2.0,0.3418291621155791,0.3021506999875163,0.39678462409711146,0.6002747252747253,0.4087765651744801,0.8567374659108592,0.4087765651744801,0.458181453537155,0.5869479037100269,0.7967741935483871,0.942981617634113,0.6896153846153846
