epoch,lr,alpha,train_loss,mixed_loss,gold_stability_loss,train_accuracy,mean_r_prob,mean_r_sim,mean_gold_consistency,mean_control,val_loss,val_accuracy,test_loss,test_accuracy
1,0.001,2.0,0.6342990665645389,0.6342990665645389,0.9285890311985225,0.43090659340659343,0.3781329469366388,0.869600282396589,0.4518530609843495,0.4895768511426318,1.1113727161961218,0.6290322580645161,1.3486987091944769,0.5211538461538462
2,0.001,2.0,0.5554853143272819,0.5554853143272819,0.8560834206067599,0.48255494505494506,0.37813294536464814,0.869600286588564,0.45185305993635577,0.48957685323861927,1.0212033248716785,0.6419354838709678,1.2375254029494065,0.5553846153846154
3,0.001,2.0,0.5162970305144132,0.5162970305144132,0.8091884296018999,0.5126373626373626,0.37813294536464814,0.869600286588564,0.4518530651763245,0.4895768527146224,0.9209198767139065,0.6967741935483871,1.1018081481640156,0.6146153846153846
4,0.001,2.0,0.5036843057517167,0.5036843057517167,0.8069470450118348,0.531456043956044,0.37813294326866065,0.8696002886845515,0.45185306203234327,0.4895768527146224,0.8012633208305605,0.7387096774193549,1.0330164142755363,0.6446153846153846
5,0.001,2.0,0.4765397181222727,0.4765397181222727,0.783238057251815,0.55,0.37813294536464814,0.8696002897325453,0.45185306412833076,0.4895768511426318,0.8448739913202101,0.7064516129032258,1.0439861605717586,0.6423076923076924
6,0.001,2.0,0.46066101632275425,0.46066101632275425,0.7650947631060422,0.5614010989010989,0.37813294798463254,0.8696002897325453,0.4518530557443807,0.4895768527146224,0.8174137530788299,0.7193548387096774,0.9763088787519015,0.6696153846153846
7,0.001,2.0,0.4343873116341266,0.4343873116341266,0.755091762149727,0.5759615384615384,0.37813294588864504,0.869600282396589,0.45185305993635577,0.4895768553346068,0.8186226198750157,0.7225806451612903,1.0084645641767063,0.6530769230769231
