label,total,correct,accuracy
0,260,235,0.9038461538461539
1,260,186,0.7153846153846154
2,260,203,0.7807692307692308
3,260,151,0.5807692307692308
4,260,137,0.5269230769230769
5,260,97,0.3730769230769231
6,260,184,0.7076923076923077
7,260,172,0.6615384615384615
8,260,195,0.75
9,260,194,0.7461538461538462
