label,total,correct,accuracy
0,260,200,0.7692307692307693
1,260,141,0.5423076923076923
2,260,190,0.7307692307692307
3,260,168,0.6461538461538462
4,260,159,0.6115384615384616
5,260,73,0.28076923076923077
6,260,189,0.7269230769230769
7,260,184,0.7076923076923077
8,260,178,0.6846153846153846
9,260,194,0.7461538461538462
