label,total,correct,accuracy
0,260,224,0.8615384615384616
1,260,175,0.6730769230769231
2,260,205,0.7884615384615384
3,260,120,0.46153846153846156
4,260,188,0.7230769230769231
5,260,90,0.34615384615384615
6,260,177,0.6807692307692308
7,260,165,0.6346153846153846
8,260,190,0.7307692307692307
9,260,207,0.7961538461538461
