label,total,correct,accuracy
0,260,176,0.676923076923077
1,260,152,0.5846153846153846
2,260,213,0.8192307692307692
3,260,105,0.40384615384615385
4,260,188,0.7230769230769231
5,260,84,0.3230769230769231
6,260,174,0.6692307692307692
7,260,144,0.5538461538461539
8,260,217,0.8346153846153846
9,260,151,0.5807692307692308
