epoch,lr,alpha,train_loss,mixed_loss,gold_stability_loss,train_accuracy,mean_r_prob,mean_r_sim,mean_gold_consistency,mean_control,val_loss,val_accuracy,test_loss,test_accuracy
1,0.001,2.0,0.6028112402329078,0.513354098534846,0.8945713844928113,0.4449175824175824,0.29806848829919164,0.7697906389341249,0.36882681794218963,0.42253006054804876,1.0582918267096242,0.632258064516129,1.3639055802271915,0.5446153846153846
2,0.001,2.0,0.5007767573817745,0.4274604924432524,0.7331626593411624,0.5152472527472527,0.2980684872511979,0.7697906431261,0.3688268221341647,0.4225300610720456,1.0258106370126048,0.6709677419354839,1.2132269857479976,0.5984615384615385
3,0.001,2.0,0.45927281078401505,0.3937096208006471,0.6556318765158181,0.5445054945054945,0.2980684827972244,0.7697906336941562,0.36882682056217403,0.4225300589760581,1.0416335382769184,0.6806451612903226,1.2543161069429838,0.5865384615384616
4,0.001,2.0,0.43454258376425436,0.37297175670718097,0.6157082648067684,0.5751373626373626,0.2980684851552104,0.7697906399821187,0.36882682056217403,0.42253005530807997,0.8676785692091911,0.7193548387096774,1.135320185514597,0.6311538461538462
5,0.001,2.0,0.40812451603648425,0.350682736491109,0.5744177763278667,0.5895604395604396,0.2980684838452182,0.7697906347421499,0.36882681846618653,0.422530059500055,0.9588825110466249,0.7161290322580646,1.2102385245836698,0.6119230769230769
6,0.001,2.0,0.3878957299085764,0.334545754469358,0.5334997394582728,0.6085164835164835,0.29806848358321975,0.7697906336941562,0.36882682056217403,0.42253006054804876,0.8860089009807955,0.7387096774193549,1.1973651834634633,0.6276923076923077
7,0.001,2.0,0.35674019134961643,0.30690330293152357,0.49836888391892986,0.6399725274725274,0.29806848620320414,0.7697906305501749,0.3688268189901834,0.42253006002405186,1.1112438986378332,0.6967741935483871,1.4838765894449675,0.5930769230769231
