epoch,lr,alpha,train_loss,mixed_loss,gold_stability_loss,train_accuracy,mean_r_prob,mean_r_sim,mean_gold_consistency,mean_control,val_loss,val_accuracy,test_loss,test_accuracy
1,0.001,2.0,1.3016296893514263,1.142244078101912,1.5938561093744807,0.2681376215407629,0.1662274355663679,0.8165552500209081,0.3288093857918556,0.38384857976623854,2.1316053725000637,0.44776119402985076,2.4287622942018596,0.38851557727550395
2,0.001,2.0,1.102236431039084,0.9699980807821521,1.322383509523938,0.3462976813762154,0.16622743306983828,0.8165552386082012,0.32880938436526724,0.3838485819061211,1.8379571046402206,0.5223880597014925,2.133842731585354,0.46059865607819184
3,0.001,2.0,0.9997419917324897,0.8825327261847707,1.172092759796462,0.39771877337322364,0.1662274323565441,0.8165552357550245,0.32880938793173814,0.38384858261941524,1.8846439817058507,0.4552238805970149,2.149952374366849,0.4508246792913867
4,0.001,2.0,0.928749133154984,0.8239754973816711,1.0477363414165237,0.425018698578908,0.16622743503139728,0.8165552371816128,0.3288093829386789,0.3838485783396502,1.6610745689762172,0.5895522388059702,1.969190233716458,0.499083689676237
5,0.001,2.0,0.8539218557531831,0.7605296858407351,0.9339216976978927,0.4655946148092745,0.16622743413977956,0.8165552329018478,0.32880938079879635,0.38384857976623854,1.589423474980824,0.582089552238806,1.9078114280339487,0.5113011606597434
6,0.001,2.0,0.7988624541101477,0.7152229313896767,0.8363952441454469,0.49345549738219896,0.16622743324816183,0.8165552314752594,0.32880938507856144,0.38384857619976764,1.6711316090911181,0.5746268656716418,1.9310255459189487,0.5027489309712889
7,0.001,2.0,0.7590196204435139,0.6812259787129393,0.7779363797240589,0.5138369483919222,0.16622743271319118,0.8165552343284361,0.32880938507856144,0.38384858333270944,1.597534345157111,0.5671641791044776,1.8321318189472997,0.529627367135003
8,0.001,2.0,0.7113788089559607,0.6402745166195803,0.7110429096328919,0.537023186237846,0.1662274352097208,0.8165552286220827,0.32880938721844394,0.38384857976623854,1.705005555900175,0.5223880597014925,1.888831643775679,0.5192425167990226
