epoch,lr,alpha,train_loss,mixed_loss,gold_stability_loss,train_accuracy,mean_r_prob,mean_r_sim,mean_gold_consistency,mean_control,val_loss,val_accuracy,test_loss,test_accuracy
1,0.001,2.0,1.617415100848755,1.423504260554631,1.939108360500236,0.30777860882572927,0.14392672373273074,0.8423497093731375,0.4931382191386255,0.5383246228511243,2.2178199237851954,0.3805970149253731,2.4112261918964513,0.39095907147220527
2,0.001,2.0,1.2454482869773813,1.0848573365136591,1.6059095997728334,0.43268511593118925,0.1439267235544072,0.8423497122263142,0.49313822056521384,0.5383246371170078,1.9208283922565517,0.48507462686567165,2.0858825233263727,0.4563225412339646
3,0.001,2.0,1.0839133932239187,0.9411498506566706,1.4276353999938909,0.4912116679132386,0.14392672301943657,0.8423497107997258,0.49313821771203714,0.5383246271308894,1.9674239816950327,0.4552238805970149,2.080652634982445,0.44654856444715946
4,0.001,2.0,0.9611703694624605,0.8321040585670528,1.2906631026235906,0.5347793567688855,0.14392672248446595,0.8423497122263142,0.49313821842533134,0.538324629984066,1.701530180760284,0.5597014925373134,1.8368574447142474,0.5106902871105681
5,0.001,2.0,0.8430862422299724,0.7275256846231049,1.155605493326551,0.5918100224382947,0.14392672248446595,0.8423497065199608,0.49313821414556624,0.5383246228511243,1.771640576533417,0.5298507462686567,1.7773785395234842,0.5369578497251069
6,0.001,2.0,0.7834747288774535,0.676274178629057,1.0720055039105525,0.6112565445026178,0.14392672248446595,0.8423497093731375,0.49313821699874294,0.538324625704301,1.7573256581576902,0.5373134328358209,1.7889389124452595,0.5369578497251069
7,0.001,2.0,0.7232003107210015,0.6240770123570198,0.9912329777551393,0.6379955123410621,0.14392672408937784,0.8423497150794909,0.49313821485886045,0.5383246278441834,1.702127065231551,0.5597014925373134,1.7058997160789802,0.5522296884544899
