label,total,correct,accuracy
0,260,222,0.8538461538461538
1,260,178,0.6846153846153846
2,260,208,0.8
3,260,147,0.5653846153846154
4,260,195,0.75
5,260,131,0.5038461538461538
6,260,197,0.7576923076923077
7,260,167,0.6423076923076924
8,260,239,0.9192307692307692
9,260,199,0.7653846153846153
