label,total,correct,accuracy
0,260,207,0.7961538461538461
1,260,134,0.5153846153846153
2,260,217,0.8346153846153846
3,260,142,0.5461538461538461
4,260,196,0.7538461538461538
5,260,125,0.4807692307692308
6,260,190,0.7307692307692307
7,260,181,0.6961538461538461
8,260,205,0.7884615384615384
9,260,187,0.7192307692307692
