epoch,lr,alpha,train_loss,mixed_loss,gold_stability_loss,train_accuracy,mean_r_prob,mean_r_sim,mean_gold_consistency,mean_control,val_loss,val_accuracy,test_loss,test_accuracy
1,0.001,2.0,0.623772387452178,0.5811688052428947,0.8520717075892857,0.4364010989010989,0.38802257579761545,0.8584326429681464,0.4350635780082954,0.47745253646766744,0.8418131213034353,0.7290322580645161,1.0819035519086397,0.6223076923076923
2,0.001,2.0,0.5279459405076373,0.49147356506232376,0.7294475690349118,0.5027472527472527,0.38802257841759985,0.8584326429681464,0.43506357538831103,0.47745253908765184,0.7810285775892196,0.7387096774193549,0.9724400401115417,0.6615384615384615
3,0.001,2.0,0.49714310994515054,0.4623160501757821,0.6965411589695857,0.5256868131868132,0.388022577893603,0.8584326482081152,0.43506357329232354,0.47745254118363933,0.803588148855394,0.7612903225806451,1.0225829223486094,0.6492307692307693
4,0.001,2.0,0.47163173720076845,0.4390278569289616,0.6520776156540755,0.5443681318681318,0.38802257579761545,0.8584326461121277,0.4350635764363048,0.47745253227569245,0.7992256941333894,0.7290322580645161,1.0616838469872107,0.6284615384615385
5,0.001,2.0,0.46016191558523495,0.4285585147993905,0.6320679988179888,0.5576923076923077,0.38802257370162796,0.8584326429681464,0.43506357591230793,0.47745254223163314,0.8427061004023398,0.7193548387096774,1.0508004507651696,0.6403846153846153
