label,total,correct,accuracy
0,260,220,0.8461538461538461
1,260,151,0.5807692307692308
2,260,206,0.7923076923076923
3,260,147,0.5653846153846154
4,260,156,0.6
5,260,105,0.40384615384615385
6,260,230,0.8846153846153846
7,260,192,0.7384615384615385
8,260,220,0.8461538461538461
9,260,178,0.6846153846153846
