label,total,correct,accuracy
0,260,228,0.8769230769230769
1,260,174,0.6692307692307692
2,260,190,0.7307692307692307
3,260,144,0.5538461538461539
4,260,197,0.7576923076923077
5,260,131,0.5038461538461538
6,260,191,0.7346153846153847
7,260,189,0.7269230769230769
8,260,224,0.8615384615384616
9,260,218,0.8384615384615385
