label,total,correct,accuracy
0,260,218,0.8384615384615385
1,260,213,0.8192307692307692
2,260,238,0.9153846153846154
3,260,164,0.6307692307692307
4,260,188,0.7230769230769231
5,260,63,0.2423076923076923
6,260,173,0.6653846153846154
7,260,196,0.7538461538461538
8,260,233,0.8961538461538462
9,260,183,0.7038461538461539
