label,total,correct,accuracy
0,260,223,0.8576923076923076
1,260,129,0.49615384615384617
2,260,197,0.7576923076923077
3,260,82,0.3153846153846154
4,260,133,0.5115384615384615
5,260,188,0.7230769230769231
6,260,206,0.7923076923076923
7,260,67,0.25769230769230766
8,260,227,0.8730769230769231
9,260,162,0.6230769230769231
