label,total,correct,accuracy
0,260,224,0.8615384615384616
1,260,161,0.6192307692307693
2,260,203,0.7807692307692308
3,260,164,0.6307692307692307
4,260,150,0.5769230769230769
5,260,154,0.5923076923076923
6,260,157,0.6038461538461538
7,260,152,0.5846153846153846
8,260,215,0.8269230769230769
9,260,206,0.7923076923076923
