label,total,correct,accuracy
0,260,216,0.8307692307692308
1,260,143,0.55
2,260,223,0.8576923076923076
3,260,183,0.7038461538461539
4,260,167,0.6423076923076924
5,260,113,0.4346153846153846
6,260,178,0.6846153846153846
7,260,126,0.4846153846153846
8,260,201,0.7730769230769231
9,260,185,0.7115384615384616
