label,total,correct,accuracy
0,260,220,0.8461538461538461
1,260,160,0.6153846153846154
2,260,213,0.8192307692307692
3,260,139,0.5346153846153846
4,260,190,0.7307692307692307
5,260,68,0.26153846153846155
6,260,214,0.823076923076923
7,260,173,0.6653846153846154
8,260,207,0.7961538461538461
9,260,202,0.7769230769230769
