epoch,lr,alpha,train_loss,mixed_loss,gold_stability_loss,train_accuracy,mean_r_prob,mean_r_sim,mean_gold_consistency,mean_control,val_loss,val_accuracy,test_loss,test_accuracy
1,0.001,2.0,1.77245912027883,1.5115236583646836,1.0437418511935643,0.34945054945054943,0.24805157420399424,0.7761975351270739,0.7761975351270739,0.7854748170454423,1.0922182906058526,0.6258064516129033,1.335089426774245,0.5288461538461539
2,0.001,2.0,1.612534407206944,1.4011466924960796,0.8455508475775247,0.40645604395604396,0.24805157367999736,0.7761975319830926,0.7761975319830926,0.7854748149494548,0.9361313143084126,0.6451612903225806,1.1652757274187528,0.5876923076923077
3,0.001,2.0,1.529272390983917,1.3435972989260496,0.7427003433416178,0.42939560439560437,0.2480515760379833,0.7761975330310863,0.7761975330310863,0.7854748212374174,0.9680631368390975,0.6483870967741936,1.237060858286344,0.5769230769230769
4,0.001,2.0,1.4881036947061728,1.3153317742295318,0.6910876722126217,0.4445054945054945,0.24805157551398643,0.7761975372230614,0.7761975372230614,0.7854748222854111,0.9443519273111897,0.7032258064516129,1.1989587945204514,0.59
5,0.001,2.0,1.4270175572280046,1.273182685820611,0.6153395162833916,0.4706043956043956,0.24805157263200361,0.7761975340790801,0.7761975340790801,0.7854748233334049,1.0614854105057254,0.6451612903225806,1.3921207387630756,0.5638461538461539
