label,total,correct,accuracy
0,260,205,0.7884615384615384
1,260,127,0.48846153846153845
2,260,121,0.4653846153846154
3,260,84,0.3230769230769231
4,260,204,0.7846153846153846
5,260,110,0.4230769230769231
6,260,191,0.7346153846153847
7,260,111,0.4269230769230769
8,260,167,0.6423076923076924
9,260,214,0.823076923076923
