epoch,lr,alpha,train_loss,mixed_loss,gold_stability_loss,train_accuracy,mean_r_prob,mean_r_sim,mean_gold_consistency,mean_control,val_loss,val_accuracy,test_loss,test_accuracy
1,0.001,2.0,1.468483468179125,1.2626405862524337,2.05842884877946,0.21952131637995512,0.11813715169388765,0.828558146463193,0.33126345657999157,0.38574334160998053,2.532846436571719,0.3805970149253731,2.646570372596046,0.35858277336591327
2,0.001,2.0,1.2564463366656136,1.0831915768742473,1.7325476765543468,0.31357516828721016,0.11813715169388765,0.8285581379036628,0.331263454440109,0.3857433444631572,2.190829807253026,0.4253731343283582,2.369153738167494,0.40134392180818573
3,0.001,2.0,1.1540072402939836,1.0030690354915723,1.5093820248420504,0.3556469708302169,0.11813715276382891,0.8285581350504861,0.331263454440109,0.3857433408966863,2.1401902668511688,0.44776119402985076,2.30639125169161,0.42883323152107516
4,0.001,2.0,1.0753690164839944,0.9387431680576607,1.366258510566061,0.39584891548242335,0.11813715062394638,0.8285581421834279,0.3312634587198741,0.38574334160998053,1.9965735478187674,0.5,2.1150223122330503,0.46182040317654244
5,0.001,2.0,1.0026154719633047,0.8806238674636019,1.2199161391518591,0.4293193717277487,0.11813715115891701,0.8285581379036628,0.33126345657999157,0.38574333376374453,2.152809176872026,0.4552238805970149,2.2206780783782007,0.4538790470372633
6,0.001,2.0,0.9480041215557078,0.8360083117000007,1.1199581085431907,0.4506357516828721,0.11813715187221119,0.8285581393302512,0.33126345943316826,0.38574333376374453,2.1175860077587525,0.44029850746268656,2.1654234095615954,0.4740378741600489
7,0.001,2.0,0.9079284815977292,0.8021904833297188,1.0573799619054116,0.4663425579655946,0.11813715294215246,0.8285581393302512,0.3312634580065799,0.3857433401833922,2.0907815659224096,0.4925373134328358,2.16021618219724,0.47098350641417225
