label,total,correct,accuracy
0,260,218,0.8384615384615385
1,260,139,0.5346153846153846
2,260,195,0.75
3,260,151,0.5807692307692308
4,260,153,0.5884615384615385
5,260,90,0.34615384615384615
6,260,193,0.7423076923076923
7,260,156,0.6
8,260,208,0.8
9,260,178,0.6846153846153846
