epoch,lr,alpha,train_loss,mixed_loss,gold_stability_loss,train_accuracy,mean_r_prob,mean_r_sim,mean_gold_consistency,mean_control,val_loss,val_accuracy,test_loss,test_accuracy
1,0.001,2.0,1.1645165184041957,1.0599054136119046,1.0461109803273128,0.4465659340659341,0.29806848829919164,0.7697906399821187,0.6754462168766902,0.7072801747164883,1.0686732338320823,0.6193548387096774,1.3040481912172757,0.5265384615384615
2,0.001,2.0,0.9895332779203142,0.8997728436857789,0.8976043511223007,0.5148351648351648,0.2980684872511979,0.7697906441740937,0.6754462200206715,0.7072801789084634,0.8891932379814886,0.7096774193548387,1.0598519209715036,0.6169230769230769
3,0.001,2.0,0.9108108740586501,0.8301474732357067,0.8066339689296681,0.5513736263736264,0.2980684827972244,0.7697906347421499,0.6754462242126464,0.7072801726205008,1.0353808802943076,0.6419354838709678,1.230437151835515,0.5611538461538461
4,0.001,2.0,0.8541383011000497,0.7777879028529912,0.7635040137793991,0.5879120879120879,0.2980684851552104,0.7697906420781062,0.675446217924684,0.7072801799564571,0.9504036849544895,0.6806451612903226,1.1236662607926589,0.5946153846153847
5,0.001,2.0,0.8169572103154529,0.7435884677446806,0.7336874495495807,0.5913461538461539,0.2980684838452182,0.7697906357901437,0.675446222116659,0.7072801726205008,1.1111477013557187,0.6193548387096774,1.4071243176093469,0.5334615384615384
