label,total,correct,accuracy
0,260,58,0.2230769230769231
1,260,163,0.6269230769230769
2,260,259,0.9961538461538462
3,260,143,0.55
4,260,26,0.1
5,260,136,0.5230769230769231
6,260,135,0.5192307692307693
7,260,36,0.13846153846153847
8,260,55,0.21153846153846154
9,260,82,0.3153846153846154
