label,total,correct,accuracy
0,260,165,0.6346153846153846
1,260,132,0.5076923076923077
2,260,238,0.9153846153846154
3,260,44,0.16923076923076924
4,260,31,0.11923076923076924
5,260,203,0.7807692307692308
6,260,108,0.4153846153846154
7,260,60,0.23076923076923078
8,260,185,0.7115384615384616
9,260,106,0.4076923076923077
