label,total,correct,accuracy
0,260,145,0.5576923076923077
1,260,60,0.23076923076923078
2,260,243,0.9346153846153846
3,260,33,0.12692307692307692
4,260,18,0.06923076923076923
5,260,222,0.8538461538461538
6,260,115,0.4423076923076923
7,260,86,0.33076923076923076
8,260,208,0.8
9,260,84,0.3230769230769231
