epoch,lr,alpha,train_loss,mixed_loss,gold_stability_loss,train_accuracy,mean_r_prob,mean_r_sim,mean_gold_consistency,mean_control,val_loss,val_accuracy,test_loss,test_accuracy
1,0.001,2.0,0.6899207508170998,0.5869434643577743,0.6865152131070148,0.37857142857142856,0.2635594857918037,0.7667364392961774,0.33903603920569786,0.3952300040276496,0.786973254142269,0.7225806451612903,1.1478495542819684,0.6042307692307692
2,0.001,2.0,0.6173507114033122,0.5326740285852454,0.5645112048138629,0.4210164835164835,0.2635594852678068,0.7667364361521962,0.3390360355377197,0.39523000664763397,0.8513364026623388,0.6774193548387096,1.1512005230096671,0.6188461538461538
3,0.001,2.0,0.5856443621300079,0.5075929853942368,0.5203425010482033,0.4442307692307692,0.26355948657779904,0.7667364351042024,0.339036038681701,0.3952300055996402,0.8785071073039885,0.6935483870967742,1.1675990500816933,0.6207692307692307
4,0.001,2.0,0.560348539693015,0.489137854877409,0.4747378720686986,0.46304945054945057,0.26355948395781464,0.7667364372001899,0.33903603920569786,0.3952300045516465,0.928362492592104,0.6870967741935484,1.2810804774211004,0.6061538461538462
