label,total,correct,accuracy
0,260,234,0.9
1,260,143,0.55
2,260,210,0.8076923076923077
3,260,110,0.4230769230769231
4,260,117,0.45
5,260,173,0.6653846153846154
6,260,204,0.7846153846153846
7,260,68,0.26153846153846155
8,260,198,0.7615384615384615
9,260,157,0.6038461538461538
