label,total,correct,accuracy
0,260,202,0.7769230769230769
1,260,164,0.6307692307692307
2,260,235,0.9038461538461539
3,260,141,0.5423076923076923
4,260,142,0.5461538461538461
5,260,158,0.6076923076923076
6,260,182,0.7
7,260,132,0.5076923076923077
8,260,136,0.5230769230769231
9,260,190,0.7307692307692307
