label,total,correct,accuracy
0,260,181,0.6961538461538461
1,260,149,0.573076923076923
2,260,217,0.8346153846153846
3,260,184,0.7076923076923077
4,260,130,0.5
5,260,103,0.39615384615384613
6,260,137,0.5269230769230769
7,260,173,0.6653846153846154
8,260,185,0.7115384615384616
9,260,209,0.8038461538461539
