label,total,correct,accuracy
0,260,175,0.6730769230769231
1,260,125,0.4807692307692308
2,260,212,0.8153846153846154
3,260,110,0.4230769230769231
4,260,132,0.5076923076923077
5,260,153,0.5884615384615385
6,260,189,0.7269230769230769
7,260,102,0.3923076923076923
8,260,175,0.6730769230769231
9,260,203,0.7807692307692308
