label,total,correct,accuracy
0,260,143,0.55
1,260,91,0.35
2,260,221,0.85
3,260,155,0.5961538461538461
4,260,84,0.3230769230769231
5,260,131,0.5038461538461538
6,260,181,0.6961538461538461
7,260,157,0.6038461538461538
8,260,146,0.5615384615384615
9,260,196,0.7538461538461538
