label,total,correct,accuracy
0,260,225,0.8653846153846154
1,260,173,0.6653846153846154
2,260,179,0.6884615384615385
3,260,150,0.5769230769230769
4,260,176,0.676923076923077
5,260,96,0.36923076923076925
6,260,188,0.7230769230769231
7,260,119,0.4576923076923077
8,260,165,0.6346153846153846
9,260,196,0.7538461538461538
