epoch,lr,alpha,train_loss,mixed_loss,gold_stability_loss,train_accuracy,mean_r_prob,mean_r_sim,mean_gold_consistency,mean_control,val_loss,val_accuracy,test_loss,test_accuracy
1,0.001,2.0,1.2458286050013312,1.0336600368648834,1.414457099956635,0.2698204936424832,0.1662274355663679,0.8165552485943197,0.29629299760132294,0.357447308217222,2.0052215803914994,0.5149253731343284,2.396656958737895,0.4068417837507636
2,0.001,2.0,1.0406178857911053,0.8743862689834258,1.1082107649869497,0.3481675392670157,0.16622743306983828,0.8165552400347896,0.2962930025943822,0.3574473046507511,1.796463243996919,0.5074626865671642,2.115109108101688,0.4612095296273671
3,0.001,2.0,0.9383476509830357,0.7989093190088322,0.9295888846724802,0.39958863126402394,0.1662274323565441,0.8165552357550245,0.29629300330767633,0.3574473075039278,1.7624199194694632,0.47761194029850745,2.108282164676785,0.4746487477092242
4,0.001,2.0,0.8623781332616585,0.7424537879634278,0.7994955660428409,0.4255796559461481,0.16622743503139728,0.8165552386082012,0.29629300116779383,0.3574473089305161,1.6084096840958098,0.5746268656716418,1.9527025291230815,0.5021380574221136
5,0.001,2.0,0.7926114428462426,0.6905068240240606,0.6806974566152226,0.46297681376215405,0.16622743413977956,0.8165552343284361,0.29629300116779383,0.35744730679063363,1.5018470411870017,0.582089552238806,1.8906541362941884,0.5119120342089187
6,0.001,2.0,0.7329193634066727,0.6451318924696301,0.5852497733165367,0.4956993268511593,0.16622743324816183,0.8165552329018478,0.29629300045449963,0.35744730679063363,1.6210797740452325,0.5522388059701493,1.873297355491065,0.5229077580940745
7,0.001,2.0,0.6954586756434473,0.6158167437643994,0.5309462049779556,0.5127150336574421,0.16622743271319118,0.8165552329018478,0.2962929954614404,0.35744730964381033,1.6012648406313426,0.5373134328358209,1.8466801001811508,0.5345143555284056
8,0.001,2.0,0.649492010574512,0.5792697731826228,0.4681482215425196,0.5338444278234854,0.1662274352097208,0.8165552314752594,0.29629300045449963,0.3574473075039278,1.5705308211383535,0.5373134328358209,1.8642265415075137,0.5363469761759316
