label,total,correct,accuracy
0,260,68,0.26153846153846155
1,260,141,0.5423076923076923
2,260,126,0.4846153846153846
3,260,0,0.0
4,260,2,0.007692307692307693
5,260,22,0.08461538461538462
6,260,20,0.07692307692307693
7,260,169,0.65
8,260,59,0.22692307692307692
9,260,122,0.46923076923076923
