label,total,correct,accuracy
0,260,200,0.7692307692307693
1,260,168,0.6461538461538462
2,260,194,0.7461538461538462
3,260,145,0.5576923076923077
4,260,164,0.6307692307692307
5,260,131,0.5038461538461538
6,260,161,0.6192307692307693
7,260,140,0.5384615384615384
8,260,235,0.9038461538461539
9,260,188,0.7230769230769231
