label,total,correct,accuracy
0,260,200,0.7692307692307693
1,260,197,0.7576923076923077
2,260,216,0.8307692307692308
3,260,125,0.4807692307692308
4,260,155,0.5961538461538461
5,260,84,0.3230769230769231
6,260,175,0.6730769230769231
7,260,148,0.5692307692307692
8,260,225,0.8653846153846154
9,260,177,0.6807692307692308
