label,total,correct,accuracy
0,260,234,0.9
1,260,169,0.65
2,260,231,0.8884615384615384
3,260,203,0.7807692307692308
4,260,153,0.5884615384615385
5,260,159,0.6115384615384616
6,260,181,0.6961538461538461
7,260,186,0.7153846153846154
8,260,220,0.8461538461538461
9,260,210,0.8076923076923077
