epoch,lr,alpha,train_loss,mixed_loss,gold_stability_loss,train_accuracy,mean_r_prob,mean_r_sim,mean_gold_consistency,mean_control,val_loss,val_accuracy,test_loss,test_accuracy
1,0.001,2.0,1.7738432721941884,1.539435350636359,1.56271940126469,0.2655198204936425,0.19152807743583228,0.8370955701897905,0.4497550873053814,0.4912689240369319,2.0238352498011802,0.48507462686567165,2.377451700194259,0.4257788637751985
2,0.001,2.0,1.500528380687146,1.3071663812103784,1.289079881552537,0.34554973821989526,0.1915280767225381,0.8370955687632022,0.44975508659208724,0.4912689276034028,1.85711003773248,0.4925373134328358,2.1331380398155497,0.4691508857666463
3,0.001,2.0,1.3690427101273632,1.1997671308317734,1.1285037829881295,0.39454001495886315,0.19152807904074418,0.8370955701897905,0.44975508659208724,0.4912689197571668,1.7610970201776988,0.5298507462686567,2.085438630824127,0.47831398900427613
4,0.001,2.0,1.275115970274184,1.1237383644885774,1.0091840183904301,0.42651458489154825,0.19152807886242065,0.8370955773227323,0.4497550880186756,0.4912689197571668,1.6906917771296714,0.5746268656716418,1.9523487776317607,0.5021380574221136
5,0.001,2.0,1.1727644468120613,1.0394228102114098,0.8889441993045736,0.46297681376215405,0.19152807565259683,0.8370955744695556,0.44975508587879304,0.491268920470461,1.5545287683828553,0.5970149253731343,1.8988745610890188,0.5192425167990226
6,0.001,2.0,1.1020286594118391,0.9818037641788474,0.8014992360045149,0.4927075542258788,0.19152807743583228,0.8370955744695556,0.44975508873196973,0.4912689176172843,1.570743900626453,0.5970149253731343,1.8484498491065853,0.5381795968234575
7,0.001,2.0,1.0387368421547432,0.9296565584130668,0.7272018208464492,0.5140239341810022,0.19152807814912645,0.8370955730429673,0.44975508516549884,0.49126892189704935,1.5711515554741247,0.5671641791044776,1.8292392718770114,0.5394013439218082
8,0.001,2.0,0.9778133897792072,0.8776023521205785,0.6680735507471488,0.5282348541510845,0.19152807779247938,0.8370955730429673,0.4497550880186756,0.49126892261034355,1.5630021193134251,0.5522388059701493,1.8046239117113787,0.5326817348808797
