epoch,lr,alpha,train_loss,mixed_loss,gold_stability_loss,train_accuracy,mean_r_prob,mean_r_sim,mean_gold_consistency,mean_control,val_loss,val_accuracy,test_loss,test_accuracy
1,0.001,2.0,0.558099506189535,0.4887019837295616,0.6939752421536288,0.5317307692307692,0.423475400694124,0.8699521850753617,0.49044693014123936,0.5220091369125869,0.8350101363274359,0.7064516129032258,1.168725199699402,0.5988461538461538
2,0.001,2.0,0.4399829675208081,0.38233606658139074,0.576468996163253,0.6049450549450549,0.42347539545415525,0.8699521787873992,0.490446927521255,0.5220091353405963,0.8540546513372852,0.7032258064516129,1.147317823263315,0.6053846153846154
3,0.001,2.0,0.3940517190393511,0.3416041898858416,0.5244752729332054,0.6387362637362637,0.4234753917861771,0.8699521808833867,0.4904469264732612,0.5220091395325713,0.742709328282264,0.7516129032258064,1.0346495235883273,0.6515384615384615
4,0.001,2.0,0.36015101409220435,0.31212840375009476,0.480226089993676,0.6615384615384615,0.4234753917861771,0.8699521777394054,0.490446927521255,0.5220091369125869,0.772478308216218,0.7645161290322581,1.0724269701884344,0.6342307692307693
5,0.001,2.0,0.3360392383821718,0.29043794189180644,0.4560129842915378,0.6818681318681319,0.42347539493015834,0.8699521787873992,0.49044693171323,0.5220091285286369,0.6922013832676795,0.7709677419354839,1.072416173678178,0.6473076923076924
6,0.001,2.0,0.3118142959835765,0.26965019774960947,0.4216409715977344,0.7076923076923077,0.42347539283417085,0.8699521777394054,0.4904469296172425,0.5220091348165994,0.7761615091754545,0.7645161290322581,1.135159280850337,0.6380769230769231
7,0.001,2.0,0.3023890843758216,0.26199038598563645,0.4039869994907589,0.7108516483516484,0.42347539493015834,0.8699521850753617,0.4904469311892331,0.5220091306246244,0.7854790729861105,0.7290322580645161,1.1009158519598155,0.6265384615384615
8,0.001,2.0,0.28443530719358845,0.24552755873281878,0.38907749259864893,0.7239010989010989,0.4234753980741396,0.8699521819313804,0.49044692280528307,0.5220091358645932,0.7213240988792912,0.7774193548387097,1.0899772161703842,0.6453846153846153
