label,total,correct,accuracy
0,260,191,0.7346153846153847
1,260,138,0.5307692307692308
2,260,210,0.8076923076923077
3,260,130,0.5
4,260,132,0.5076923076923077
5,260,144,0.5538461538461539
6,260,175,0.6730769230769231
7,260,193,0.7423076923076923
8,260,203,0.7807692307692308
9,260,178,0.6846153846153846
