label,total,correct,accuracy
0,260,186,0.7153846153846154
1,260,139,0.5346153846153846
2,260,232,0.8923076923076924
3,260,193,0.7423076923076923
4,260,138,0.5307692307692308
5,260,99,0.38076923076923075
6,260,132,0.5076923076923077
7,260,180,0.6923076923076923
8,260,229,0.8807692307692307
9,260,155,0.5961538461538461
