label,total,correct,accuracy
0,260,202,0.7769230769230769
1,260,172,0.6615384615384615
2,260,206,0.7923076923076923
3,260,134,0.5153846153846153
4,260,169,0.65
5,260,103,0.39615384615384613
6,260,181,0.6961538461538461
7,260,163,0.6269230769230769
8,260,234,0.9
9,260,176,0.676923076923077
