epoch,lr,alpha,train_loss,mixed_loss,gold_stability_loss,train_accuracy,mean_r_prob,mean_r_sim,mean_gold_consistency,mean_control,val_loss,val_accuracy,test_loss,test_accuracy
1,0.001,2.0,0.5103099534799764,0.42087227616991313,0.8943767434948093,0.48296703296703297,0.28303253703064973,0.8786673493437714,0.34259601215739827,0.39822582726950173,0.9365131693501626,0.6741935483870968,1.2760578122505775,0.5557692307692308
2,0.001,2.0,0.4055994702564491,0.33422298123548316,0.7137648883756701,0.554945054945055,0.2830325357206575,0.8786673524877527,0.3425960111094045,0.3982258256975111,0.9872437823203302,0.667741935483871,1.2839705657958984,0.553076923076923
3,0.001,2.0,0.36194153421527736,0.29924506427167535,0.6269646984535259,0.5938186813186813,0.28303253441066534,0.8786673514397589,0.34259601268139517,0.3982258267455049,0.834720399302821,0.7258064516129032,1.073734870507167,0.6257692307692307
4,0.001,2.0,0.33208332566114573,0.274368649328148,0.5771467819318666,0.6206043956043956,0.2830325349346622,0.878667355631734,0.3425960111094045,0.3982258293654892,0.7293193490274491,0.7741935483870968,1.0076807040434617,0.6369230769230769
5,0.001,2.0,0.3026367273959485,0.25065812131205756,0.5197860365385537,0.6508241758241758,0.28303253519666066,0.8786673503917652,0.34259601163340136,0.398225826221508,0.763717455633225,0.7387096774193549,0.9828676385145921,0.6503846153846153
6,0.001,2.0,0.28508810997009276,0.23705056273675226,0.48037546231196476,0.6679945054945055,0.28303253362467,0.878667347247784,0.34259601268139517,0.3982258283174955,0.7776202263370637,0.7387096774193549,1.0178034294568576,0.6442307692307693
7,0.001,2.0,0.2647126146725246,0.21868655940333565,0.4602605592418503,0.693543956043956,0.28303253388666844,0.8786673524877527,0.34259601425338576,0.3982258267455049,0.8418671715644098,0.7741935483870968,1.069231625703665,0.6338461538461538
