label,total,correct,accuracy
0,260,211,0.8115384615384615
1,260,166,0.6384615384615384
2,260,230,0.8846153846153846
3,260,143,0.55
4,260,140,0.5384615384615384
5,260,91,0.35
6,260,162,0.6230769230769231
7,260,148,0.5692307692307692
8,260,215,0.8269230769230769
9,260,185,0.7115384615384616
