epoch,lr,alpha,train_loss,mixed_loss,gold_stability_loss,train_accuracy,mean_r_prob,mean_r_sim,mean_gold_consistency,mean_control,val_loss,val_accuracy,test_loss,test_accuracy
1,0.001,2.0,0.5857755824759766,0.5144902620996747,0.7128531786111685,0.46332417582417584,0.4087765688424582,0.8567374659108592,0.4311746062813224,0.47303254944937567,0.7434703665394937,0.7322580645161291,1.0720216373296885,0.6246153846153846
2,0.001,2.0,0.5064301268085019,0.4460885429120326,0.6034158221967928,0.5057692307692307,0.4087765656984769,0.8567374554309216,0.43117460366133803,0.4730325499733726,0.7326634964635296,0.7483870967741936,1.0255817206089313,0.6515384615384615
3,0.001,2.0,0.4664347938783876,0.41101162623573134,0.5542316696146032,0.5372252747252747,0.40877656360248943,0.8567374564789154,0.43117460470933183,0.4730325473533882,0.7821967005729675,0.7258064516129032,1.0531868375264681,0.655
4,0.001,2.0,0.4394562767102168,0.38780737702663126,0.5164890111802698,0.5570054945054945,0.4087765646504832,0.8567374669588529,0.43117460418533493,0.4730325478773851,0.6414822720712231,0.7935483870967742,0.950801846247453,0.676923076923077
5,0.001,2.0,0.4233846836037688,0.373263780101315,0.5012090491724538,0.5704670329670329,0.4087765662224738,0.8567374596228966,0.4311746094253037,0.4730325484013819,0.5989608683893758,0.7870967741935484,0.9197546727840717,0.6892307692307692
6,0.001,2.0,0.4077044997896467,0.36109812495472665,0.4660637487421979,0.5810439560439561,0.4087765630784925,0.8567374648628654,0.4311746062813224,0.4730325484013819,0.6406975526963511,0.7967741935483871,0.9221587403003986,0.6846153846153846
7,0.001,2.0,0.3836314566187806,0.3397377646231389,0.4389369376413115,0.592445054945055,0.4087765651744801,0.8567374606708904,0.4311746073293162,0.47303254211341944,0.6133264326280163,0.7741935483870968,0.8999710770753714,0.7015384615384616
8,0.001,2.0,0.37392194126988504,0.33190387127163645,0.42018071858437506,0.6046703296703296,0.4087765651744801,0.8567374606708904,0.4311746062813224,0.4730325478773851,0.6019730575623051,0.8032258064516129,0.9522381591796875,0.695
