label,total,correct,accuracy
0,260,205,0.7884615384615384
1,260,152,0.5846153846153846
2,260,209,0.8038461538461539
3,260,133,0.5115384615384615
4,260,197,0.7576923076923077
5,260,119,0.4576923076923077
6,260,218,0.8384615384615385
7,260,195,0.75
8,260,206,0.7923076923076923
9,260,190,0.7307692307692307
