label,total,correct,accuracy
0,260,220,0.8461538461538461
1,260,182,0.7
2,260,222,0.8538461538461538
3,260,175,0.6730769230769231
4,260,194,0.7461538461538462
5,260,162,0.6230769230769231
6,260,176,0.676923076923077
7,260,178,0.6846153846153846
8,260,222,0.8538461538461538
9,260,192,0.7384615384615385
