epoch,lr,alpha,train_loss,mixed_loss,gold_stability_loss,train_accuracy,mean_r_prob,mean_r_sim,mean_gold_consistency,mean_control,val_loss,val_accuracy,test_loss,test_accuracy
1,0.001,2.0,1.3467591819071287,1.1438113301212252,2.02947847220821,0.21914734480179507,0.11813715169388765,0.8285581436100163,0.29574240011872865,0.35500116569387796,2.4985312347981465,0.373134328358209,2.6134526247503413,0.371411117898595
2,0.001,2.0,1.1519286346328552,0.9831804717398439,1.6874815372718122,0.3120792819745699,0.11813715169388765,0.8285581379036628,0.2957424026152583,0.3550011706869372,2.199094418269485,0.41044776119402987,2.356624656285756,0.4166157605375687
3,0.001,2.0,1.0544343729382946,0.9079157389092998,1.465186398958393,0.3629394166043381,0.11813715276382891,0.8285581350504861,0.29574240011872865,0.3550011678337605,2.0832223322854113,0.44029850746268656,2.2332402379613283,0.4337202199144777
4,0.001,2.0,0.9799597504072967,0.8497560595342626,1.302036870658264,0.3951009723261032,0.11813715062394638,0.8285581436100163,0.2957423961956107,0.35500116640717216,1.9385936384770408,0.5149253731343284,2.0853293820278047,0.46731826511912034
5,0.001,2.0,0.9171707033219405,0.7997408818199997,1.1742982227764829,0.42913238593866865,0.11813715115891701,0.8285581379036628,0.2957423986921403,0.3550011678337605,2.1669455215112485,0.44776119402985076,2.232147064308022,0.45571166768478927
6,0.001,2.0,0.8622092328235652,0.756080813923253,1.0612841569940457,0.45287958115183247,0.11813715187221119,0.8285581393302512,0.2957423958389636,0.35500116997364306,2.061711619149393,0.4626865671641791,2.1685542486466938,0.4715943799633476
7,0.001,2.0,0.8256473237218123,0.725898400963289,0.9974892811714577,0.4661555721765146,0.11813715294215246,0.8285581393302512,0.2957423990487874,0.35500116854705466,2.013812963642291,0.47761194029850745,2.1123736825161177,0.48564447159437996
