label,total,correct,accuracy
0,260,228,0.8769230769230769
1,260,139,0.5346153846153846
2,260,207,0.7961538461538461
3,260,134,0.5153846153846153
4,260,141,0.5423076923076923
5,260,110,0.4230769230769231
6,260,204,0.7846153846153846
7,260,155,0.5961538461538461
8,260,204,0.7846153846153846
9,260,184,0.7076923076923077
