epoch,lr,alpha,train_loss,mixed_loss,gold_stability_loss,train_accuracy,mean_r_prob,mean_r_sim,mean_gold_consistency,mean_control,val_loss,val_accuracy,test_loss,test_accuracy
1,0.001,2.0,1.070333153878742,1.070333153878742,1.9836054675687849,0.24588631264023933,0.1662274355663679,0.8165552485943197,0.29629299760132294,0.357447308217222,2.401280385344776,0.3805970149253731,2.671601966451273,0.36469150885766644
2,0.001,2.0,0.9087163329837745,0.9087163329837745,1.832123148503728,0.31974569932685115,0.16622743306983828,0.8165552400347896,0.2962930025943822,0.3574473046507511,2.046843532306045,0.47761194029850745,2.2949022129678696,0.41050702504581554
3,0.001,2.0,0.8231035972943302,0.8231035972943302,1.7389598605163792,0.3743455497382199,0.1662274323565441,0.8165552357550245,0.29629300330767633,0.3574473075039278,2.042162233324193,0.44776119402985076,2.235067558201188,0.4202810018326206
4,0.001,2.0,0.774683402961283,0.774683402961283,1.7121710231612668,0.4055721765145849,0.16622743503139728,0.8165552371816128,0.29629300116779383,0.3574473089305161,1.9249287719157204,0.5,2.161199688256042,0.45693341478313987
5,0.001,2.0,0.7085197893380227,0.7085197893380227,1.6649381943219799,0.4455871353777113,0.16622743413977956,0.8165552343284361,0.29629300116779383,0.35744730679063363,1.7634378031118592,0.5373134328358209,1.98340984008337,0.4807574832009774
6,0.001,2.0,0.6718507836180654,0.6718507836180654,1.6434692274570109,0.4704562453253553,0.16622743324816183,0.8165552329018478,0.29629299974120543,0.35744730679063363,1.8260034607417548,0.5074626865671642,2.0158867094672592,0.48808796579108127
7,0.001,2.0,0.6422821759018509,0.6422821759018509,1.6578694200373087,0.487658937920718,0.16622743271319118,0.8165552343284361,0.2962929961747346,0.35744730964381033,1.8364607682868617,0.48507462686567165,1.9717604438925052,0.4954184483811851
8,0.001,2.0,0.5986290558470482,0.5986290558470482,1.636975275551818,0.5102842183994016,0.1662274352097208,0.816555230048671,0.29629300045449963,0.3574473075039278,1.8206871819140307,0.5597014925373134,1.9514338499755486,0.5088576664630422
