epoch,lr,alpha,train_loss,mixed_loss,gold_stability_loss,train_accuracy,mean_r_prob,mean_r_sim,mean_gold_consistency,mean_control,val_loss,val_accuracy,test_loss,test_accuracy
1,0.001,2.0,1.0703459682086554,1.0703459682086554,1.9843941458856873,0.24457741211667913,0.1662274355663679,0.8165552485943197,0.29629299760132294,0.357447308217222,2.403983144617792,0.3880597014925373,2.6764104468253014,0.36163714111178985
2,0.001,2.0,0.9094605040175753,0.9094605040175753,1.843354687729966,0.3212415856394914,0.16622743306983828,0.8165552400347896,0.2962930025943822,0.3574473053640453,2.0576812260186492,0.4626865671641791,2.290107905318552,0.41356139279169213
3,0.001,2.0,0.8241750508792024,0.8241750508792024,1.7450794091221105,0.3765893792071803,0.1662274323565441,0.8165552357550245,0.29629300330767633,0.3574473075039278,2.062408642982369,0.43283582089552236,2.2721931351782274,0.4147831398900428
4,0.001,2.0,0.7778517151824021,0.7778517151824021,1.7166568676571214,0.4029543754674645,0.16622743503139728,0.8165552357550245,0.296293001881088,0.3574473089305161,1.929870746028957,0.48507462686567165,2.168172590894239,0.4489920586438607
5,0.001,2.0,0.7104475716645805,0.7104475716645805,1.6765648869319736,0.4454001495886313,0.16622743413977956,0.8165552343284361,0.29629300116779383,0.35744730679063363,1.7430452642156118,0.5373134328358209,1.9738940458583192,0.47648136835675015
6,0.001,2.0,0.6727948364876238,0.6727948364876238,1.6563818534988026,0.4674644727000748,0.16622743324816183,0.8165552329018478,0.29629299974120543,0.35744730679063363,1.843961139223469,0.5,2.0253875225727778,0.4758704948075748
7,0.001,2.0,0.6420014933498386,0.6420014933498386,1.6738775289138932,0.4930815258040389,0.16622743271319118,0.8165552343284361,0.2962929961747346,0.35744730964381033,1.8582832831055371,0.48507462686567165,1.9836672861254208,0.4862553451435553
8,0.001,2.0,0.6016419902165255,0.6016419902165255,1.6645597250673783,0.5110321615557217,0.1662274352097208,0.8165552286220827,0.29629300045449963,0.3574473075039278,1.8170238377443,0.5522388059701493,1.9482822049006356,0.516188149053146
