label,total,correct,accuracy
0,260,217,0.8346153846153846
1,260,203,0.7807692307692308
2,260,213,0.8192307692307692
3,260,171,0.6576923076923077
4,260,169,0.65
5,260,177,0.6807692307692308
6,260,183,0.7038461538461539
7,260,175,0.6730769230769231
8,260,203,0.7807692307692308
9,260,203,0.7807692307692308
