epoch,lr,alpha,train_loss,mixed_loss,gold_stability_loss,train_accuracy,mean_r_prob,mean_r_sim,mean_gold_consistency,mean_control,val_loss,val_accuracy,test_loss,test_accuracy
1,0.001,2.0,0.9925309478478728,0.7998338461189727,1.2846472939182416,0.2713163799551234,0.19891972602439087,0.8349858685581204,0.23072303224162727,0.3144538186785884,1.9267310384494156,0.5223880597014925,2.3618108576656334,0.42272449602932194
2,0.001,2.0,0.8108980500082873,0.6661140591062177,0.9652265932636647,0.3476065818997756,0.1989197249544496,0.8349858699847088,0.23072303224162727,0.31445382331500055,1.7303772150580563,0.5074626865671642,2.1241958469025013,0.46059865607819184
3,0.001,2.0,0.7224369077604033,0.6031424732197552,0.7952962133005295,0.39454001495886315,0.19891972584606732,0.8349858671315321,0.23072302974509765,0.31445381974852965,1.6702522110583178,0.5522388059701493,2.0243763656389007,0.4954184483811851
4,0.001,2.0,0.6616130789982889,0.5618817299359221,0.6648756512172559,0.42707554225878835,0.1989197249544496,0.8349858614251786,0.23072303224162727,0.3144538218884122,1.5661550084156777,0.5970149253731343,1.9255429989838644,0.5125229077580941
5,0.001,2.0,0.6045591745611975,0.5205679232715757,0.5599416571048631,0.462415856394914,0.19891972424115542,0.8349858642783554,0.23072302974509765,0.31445382117511805,1.4641362197363554,0.5970149253731343,1.8576854417144923,0.5320708613317043
6,0.001,2.0,0.5612756276451659,0.49016630286232427,0.47406212478408016,0.48429319371727747,0.1989197253110967,0.834985862851767,0.23072303402486272,0.3144538215317651,1.535690967716388,0.5970149253731343,1.8296943843983702,0.5424557116676848
7,0.001,2.0,0.5261784137944812,0.4634231953988257,0.41836810927829726,0.506357516828721,0.1989197256677438,0.8349858585720019,0.23072302974509765,0.31445381974852965,1.4646737468776418,0.6119402985074627,1.7842866015565344,0.5430665852168601
8,0.001,2.0,0.4926945868943642,0.43648338598730674,0.37474133097688567,0.5265519820493643,0.19891972638103797,0.8349858642783554,0.23072303081503892,0.3144538222450593,1.4715537348789955,0.5970149253731343,1.8133246893553596,0.5442883323152108
