label,total,correct,accuracy
0,260,210,0.8076923076923077
1,260,176,0.676923076923077
2,260,202,0.7769230769230769
3,260,165,0.6346153846153846
4,260,203,0.7807692307692308
5,260,105,0.40384615384615385
6,260,216,0.8307692307692308
7,260,160,0.6153846153846154
8,260,235,0.9038461538461539
9,260,199,0.7653846153846153
