epoch,lr,alpha,train_loss,mixed_loss,gold_stability_loss,train_accuracy,mean_r_prob,mean_r_sim,mean_gold_consistency,mean_control,val_loss,val_accuracy,test_loss,test_accuracy
1,0.001,2.0,0.7686402775429108,0.5521968980411907,0.7214778839886844,0.36565934065934064,0.24805157420399424,0.7761975393190489,0.3008661689339103,0.36633282336559925,0.9728564270081058,0.667741935483871,1.2573294122402485,0.5903846153846154
2,0.001,2.0,0.6632779814384796,0.4965511141242562,0.5557561997528915,0.4089285714285714,0.24805157367999736,0.7761975424630302,0.3008661652659322,0.3663328223176055,0.8098090137204816,0.7129032258064516,1.159548229437608,0.6284615384615385
3,0.001,2.0,0.6077409993161212,0.47254880306484937,0.45064062443408337,0.42994505494505497,0.2480515760379833,0.7761975372230614,0.3008661678859166,0.36633282336559925,0.8626930267580094,0.7225806451612903,1.2356949795209444,0.615
4,0.001,2.0,0.5797606194412316,0.4604936024644873,0.39755671220821337,0.4491758241758242,0.24805157551398643,0.7761975424630302,0.30086616474193534,0.3663328217936086,0.8575507140928699,0.7193548387096774,1.2688123787366428,0.6346153846153846
5,0.001,2.0,0.5422039909677191,0.4461460768521487,0.3201930319214915,0.4603021978021978,0.24805157263200361,0.7761975393190489,0.30086616500393376,0.36633282126961175,0.9981107657955539,0.6903225806451613,1.458329397715055,0.6057692307692307
