label,total,correct,accuracy
0,260,221,0.85
1,260,182,0.7
2,260,181,0.6961538461538461
3,260,125,0.4807692307692308
4,260,180,0.6923076923076923
5,260,97,0.3730769230769231
6,260,190,0.7307692307692307
7,260,106,0.4076923076923077
8,260,177,0.6807692307692308
9,260,191,0.7346153846153847
