label,total,correct,accuracy
0,260,206,0.7923076923076923
1,260,68,0.26153846153846155
2,260,168,0.6461538461538462
3,260,20,0.07692307692307693
4,260,17,0.06538461538461539
5,260,193,0.7423076923076923
6,260,77,0.29615384615384616
7,260,132,0.5076923076923077
8,260,202,0.7769230769230769
9,260,100,0.38461538461538464
