epoch,lr,alpha,train_loss,mixed_loss,gold_stability_loss,train_accuracy,mean_r_prob,mean_r_sim,mean_gold_consistency,mean_control,val_loss,val_accuracy,test_loss,test_accuracy
1,0.001,2.0,0.6962853629510481,0.5599109362769913,0.9091627832297441,0.3561813186813187,0.25415826813205256,0.7636789919255854,0.30511033299205065,0.37017706409915463,0.9583195647885723,0.667741935483871,1.199282449575571,0.5815384615384616
2,0.001,2.0,0.615997864649846,0.5068760543079167,0.7274787262245849,0.4,0.2541582689180479,0.7636789992615417,0.3051103327300522,0.3701770677671328,0.9886756335535357,0.6741935483870968,1.2129970576212956,0.5811538461538461
3,0.001,2.0,0.5728269618946117,0.47943471670150756,0.6226149577360887,0.42939560439560437,0.2541582673460573,0.7636789919255854,0.30511033613603195,0.37017706409915463,0.9787045286547753,0.6516129032258065,1.2079286846747765,0.6130769230769231
4,0.001,2.0,0.5472761463332962,0.4627591902083093,0.5634463525080419,0.4556318681318681,0.25415826813205256,0.7636789961175604,0.3051103392800132,0.3701770688151265,0.834734163745757,0.7419354838709677,1.0923001859738277,0.6392307692307693
5,0.001,2.0,0.5276048311820397,0.4496614636300684,0.5196224331855774,0.4625,0.25415826813205256,0.7636789908775916,0.3051103319440569,0.370177066719139,0.9493084661422238,0.7096774193548387,1.2426187001741849,0.6146153846153846
6,0.001,2.0,0.505656316778162,0.43546677048389726,0.4679302976681636,0.48035714285714287,0.2541582670840588,0.7636789908775916,0.3051103345640413,0.3701770651471484,0.9857786947681058,0.6806451612903226,1.338407241014334,0.5957692307692307
7,0.001,2.0,0.48138149347934095,0.41929361374823604,0.41391918534760946,0.4936813186813187,0.2541582676080557,0.7636789929735791,0.30511033823201944,0.37017706462315153,1.000686860853626,0.7,1.3823960872796865,0.6076923076923076
