label,total,correct,accuracy
0,260,228,0.8769230769230769
1,260,194,0.7461538461538462
2,260,231,0.8884615384615384
3,260,148,0.5692307692307692
4,260,197,0.7576923076923077
5,260,163,0.6269230769230769
6,260,191,0.7346153846153847
7,260,172,0.6615384615384615
8,260,228,0.8769230769230769
9,260,191,0.7346153846153847
