epoch,lr,alpha,train_loss,mixed_loss,gold_stability_loss,train_accuracy,mean_r_prob,mean_r_sim,mean_gold_consistency,mean_control,val_loss,val_accuracy,test_loss,test_accuracy
1,0.001,2.0,0.7414975674597771,0.6039677132616986,0.9168656786719521,0.3574175824175824,0.25415826813205256,0.7636789898295979,0.33058638887090996,0.3897825974684495,0.9433398938948109,0.6870967741935484,1.1781094411703257,0.6003846153846154
2,0.001,2.0,0.6604209869772524,0.5493992958750044,0.740144609618973,0.40274725274725276,0.2541582689180479,0.7636790013575292,0.3305863899189037,0.38978259589645886,0.9466088302673832,0.6774193548387096,1.192212000993582,0.5873076923076923
3,0.001,2.0,0.612937985933744,0.5186855330572023,0.6283496698180397,0.432967032967033,0.2541582673460573,0.7636789929735791,0.3305863878229162,0.38978259904044016,0.9599279565195884,0.6903225806451613,1.173026888187115,0.6069230769230769
4,0.001,2.0,0.591330163033454,0.5041564282480177,0.5811582004630959,0.4541208791208791,0.25415826813205256,0.7636790003095354,0.3305863883469131,0.389782595372462,0.9160200234382383,0.7225806451612903,1.2147558091236994,0.6165384615384616
5,0.001,2.0,0.5682682761779199,0.48800455384202057,0.5350914605371244,0.46675824175824177,0.25415826813205256,0.7636789929735791,0.33058638625092557,0.38978259642045576,0.8363584099277374,0.7161290322580646,1.1397956596888028,0.6365384615384615
6,0.001,2.0,0.5497510399137224,0.47612108503069195,0.49086632741676584,0.48131868131868133,0.2541582670840588,0.7636789908775916,0.33058638625092557,0.3897825974684495,0.9282478255610312,0.6935483870967742,1.2443259140161367,0.6034615384615385
7,0.001,2.0,0.5193125878061567,0.45477952734454646,0.4302204008940812,0.5002747252747253,0.2541582676080557,0.7636789940215729,0.33058638625092557,0.38978259642045576,0.9873194771428262,0.7161290322580646,1.3521761611791758,0.5911538461538461
8,0.001,2.0,0.5116876323144515,0.45005702677663867,0.4108706829312084,0.5053571428571428,0.2541582676080557,0.7636789961175604,0.3305863878229162,0.389782599564437,1.1879049193474553,0.667741935483871,1.6144370423830472,0.571923076923077
