label,total,correct,accuracy
0,260,181,0.6961538461538461
1,260,170,0.6538461538461539
2,260,198,0.7615384615384615
3,260,120,0.46153846153846156
4,260,174,0.6692307692307692
5,260,56,0.2153846153846154
6,260,211,0.8115384615384615
7,260,165,0.6346153846153846
8,260,174,0.6692307692307692
9,260,204,0.7846153846153846
