epoch,lr,alpha,train_loss,mixed_loss,gold_stability_loss,train_accuracy,mean_r_prob,mean_r_sim,mean_gold_consistency,mean_control,val_loss,val_accuracy,test_loss,test_accuracy
1,0.001,2.0,0.7198048960654345,0.548533122822163,1.7127176848649086,0.2948765893792072,0.1471126502186127,0.8485343165600933,0.1471126502186127,0.24855293261086486,2.2940652174736136,0.40298507462686567,2.5126756124548892,0.37996334758704947
2,0.001,2.0,0.5504141764223531,0.420188751787772,1.302254211126911,0.40519820493642483,0.14711264754375952,0.8485343094271515,0.14711264754375952,0.24855292975768814,1.885254240747708,0.5,2.1007981762044228,0.45876603543066585
3,0.001,2.0,0.46919752761064043,0.36430735207352966,1.0489017151145679,0.46335078534031415,0.14711265039693622,0.8485343179866817,0.14711265039693622,0.24855292904439397,2.052098845368001,0.48507462686567165,2.183605424791265,0.4575442883323152
4,0.001,2.0,0.41445250964111235,0.3257061328429648,0.8874637312022446,0.5089753178758414,0.14711264879202432,0.8485343094271515,0.14711264879202432,0.2485529286877469,1.7589645029893561,0.5522388059701493,1.9953306413090075,0.4905314599877825
5,0.001,2.0,0.36292975512385456,0.28894037480842916,0.7398937552743825,0.5585265519820494,0.14711264700878887,0.848534315133505,0.14711264700878887,0.24855293047098231,1.8787007563149751,0.5074626865671642,1.9795246875060355,0.5009163103237629
6,0.001,2.0,0.336697208720887,0.27145819034965163,0.652390173815397,0.5729244577412117,0.14711264807873015,0.84853431941327,0.14711264807873015,0.24855292761780562,1.8820680130773515,0.5373134328358209,1.9957311924594747,0.5082467929138669
7,0.001,2.0,0.3066170950299693,0.2505731608275611,0.5604393238796613,0.5979805534779357,0.1471126479004066,0.8485343179866817,0.1471126479004066,0.2485529318975707,1.902900496525551,0.5522388059701493,1.9162176988003963,0.5229077580940745
