epoch,lr,alpha,train_loss,mixed_loss,gold_stability_loss,train_accuracy,mean_r_prob,mean_r_sim,mean_gold_consistency,mean_control,val_loss,val_accuracy,test_loss,test_accuracy
1,0.001,2.0,0.5410888915533548,0.46016234768615977,0.809265378674308,0.504532967032967,0.3177616098424891,0.8540660669515421,0.3982072929759602,0.4452503990341019,0.9257888755490703,0.7,1.1805386235163762,0.5815384615384616
2,0.001,2.0,0.44291600381935037,0.37509109711909033,0.6782490418507503,0.5791208791208792,0.31776160827049843,0.8540660732395047,0.3982072908799727,0.4452503990341019,0.8136910500064973,0.7193548387096774,1.0831114020714394,0.6076923076923076
3,0.001,2.0,0.40069890395625607,0.3401207826949738,0.6057812183767884,0.6137362637362638,0.31776160827049843,0.8540660774314797,0.3982072929759602,0.44525039536612376,0.8686170347275273,0.7096774193548387,1.1711083067380466,0.5903846153846154
4,0.001,2.0,0.36875870326063137,0.3118972930934403,0.5686141092698652,0.6423076923076924,0.31776160774650153,0.8540660627595671,0.39820729140396954,0.44525039955809875,0.7848035950814524,0.7387096774193549,1.0653247873599712,0.635
5,0.001,2.0,0.34261971699012506,0.2898093226191762,0.5281039547134232,0.6674450549450549,0.3177616066985078,0.8540660753354922,0.39820729245196335,0.4452504006060925,0.728300158439144,0.7612903225806451,1.0164152956008912,0.6526923076923077
6,0.001,2.0,0.33500637189372556,0.2833670904348185,0.5163928200910379,0.6711538461538461,0.3177616066985078,0.8540660742874984,0.3982072934999571,0.44525039955809875,0.7064065244890029,0.7419354838709677,1.0516415847264804,0.6411538461538462
7,0.001,2.0,0.30967617748857856,0.2627428401957501,0.46933338085373677,0.6947802197802198,0.3177616108904828,0.8540660753354922,0.3982072877359914,0.4452503964141175,0.8329274877425163,0.7032258064516129,1.0555163368811975,0.6507692307692308
8,0.001,2.0,0.28468086536114035,0.24036728327090923,0.4431358109463702,0.7137362637362638,0.3177616093184922,0.8540660753354922,0.39820729192796644,0.4452504011300894,0.7803025568685223,0.7387096774193549,1.148465793132782,0.6373076923076924
9,0.001,2.0,0.26036212359155925,0.22053857635665725,0.39823545584311854,0.7337912087912087,0.3177616074845031,0.8540660763834859,0.39820728983197895,0.445250398510105,0.7751519418531848,0.7322580645161291,1.039843893601344,0.6603846153846153
