label,total,correct,accuracy
0,260,205,0.7884615384615384
1,260,146,0.5615384615384615
2,260,238,0.9153846153846154
3,260,146,0.5615384615384615
4,260,156,0.6
5,260,81,0.31153846153846154
6,260,171,0.6576923076923077
7,260,217,0.8346153846153846
8,260,196,0.7538461538461538
9,260,161,0.6192307692307693
