label,total,correct,accuracy
0,260,231,0.8884615384615384
1,260,210,0.8076923076923077
2,260,239,0.9192307692307692
3,260,146,0.5615384615384615
4,260,171,0.6576923076923077
5,260,176,0.676923076923077
6,260,168,0.6461538461538462
7,260,168,0.6461538461538462
8,260,225,0.8653846153846154
9,260,180,0.6923076923076923
