epoch,lr,alpha,train_loss,mixed_loss,gold_stability_loss,train_accuracy,mean_r_prob,mean_r_sim,mean_gold_consistency,mean_control,val_loss,val_accuracy,test_loss,test_accuracy
1,0.001,2.0,0.5694822040232983,0.5694822040232983,1.2177195229373134,0.34986263736263734,0.25415826813205256,0.7636789971655542,0.30511033404004445,0.37017706409915463,1.3720849783189835,0.5258064516129032,1.5488892573576707,0.45615384615384613
2,0.001,2.0,0.5158575112348075,0.5158575112348075,1.1797117589594244,0.3918956043956044,0.2541582689180479,0.7636790024055229,0.3051103332540491,0.3701770677671328,1.4332959098200644,0.5290322580645161,1.6406444831994864,0.4542307692307692
3,0.001,2.0,0.49104729203077463,0.49104729203077463,1.1293326212809636,0.4201923076923077,0.2541582673460573,0.7636789940215729,0.30511033613603195,0.37017706409915463,1.296222892115193,0.5161290322580645,1.5310128465065589,0.4576923076923077
4,0.001,2.0,0.4785678446947873,0.4785678446947873,1.1343509160555325,0.4307692307692308,0.25415826813205256,0.7636789992615417,0.30511034032800693,0.3701770682911297,1.3667429254901025,0.5290322580645161,1.5216409925314096,0.4757692307692308
5,0.001,2.0,0.4620096870831081,0.4620096870831081,1.1285771071255861,0.45096153846153847,0.25415826813205256,0.7636789929735791,0.3051103324680538,0.370177066719139,1.1810745162348593,0.603225806451613,1.348461344425495,0.5219230769230769
6,0.001,2.0,0.45082132331617586,0.45082132331617586,1.1021903124484387,0.4593406593406593,0.2541582670840588,0.7636789898295979,0.3051103345640413,0.3701770656711453,1.2106872097138435,0.5806451612903226,1.391275966350849,0.5115384615384615
7,0.001,2.0,0.4337146514064663,0.4337146514064663,1.1282054256606888,0.4770604395604396,0.2541582676080557,0.7636789929735791,0.3051103371840257,0.3701770651471484,1.3228128202499883,0.5387096774193548,1.5182847932668833,0.4715384615384615
8,0.001,2.0,0.43199596942126095,0.43199596942126095,1.117192055104853,0.47994505494505496,0.2541582676080557,0.7636789940215729,0.30511033613603195,0.3701770661951421,1.299739517704133,0.5612903225806452,1.5016785592299242,0.485
