label,total,correct,accuracy
0,260,212,0.8153846153846154
1,260,159,0.6115384615384616
2,260,213,0.8192307692307692
3,260,33,0.12692307692307692
4,260,55,0.21153846153846154
5,260,76,0.2923076923076923
6,260,145,0.5576923076923077
7,260,166,0.6384615384615384
8,260,124,0.47692307692307695
9,260,135,0.5192307692307693
