label,total,correct,accuracy
0,260,200,0.7692307692307693
1,260,134,0.5153846153846153
2,260,235,0.9038461538461539
3,260,68,0.26153846153846155
4,260,59,0.22692307692307692
5,260,91,0.35
6,260,131,0.5038461538461538
7,260,149,0.573076923076923
8,260,179,0.6884615384615385
9,260,61,0.23461538461538461
