label,total,correct,accuracy
0,260,223,0.8576923076923076
1,260,197,0.7576923076923077
2,260,216,0.8307692307692308
3,260,157,0.6038461538461538
4,260,168,0.6461538461538462
5,260,162,0.6230769230769231
6,260,168,0.6461538461538462
7,260,144,0.5538461538461539
8,260,229,0.8807692307692307
9,260,187,0.7192307692307692
