epoch,lr,alpha,train_loss,mixed_loss,gold_stability_loss,train_accuracy,mean_r_prob,mean_r_sim,mean_gold_consistency,mean_control,val_loss,val_accuracy,test_loss,test_accuracy
1,0.001,2.0,0.4887541270518041,0.4887541270518041,1.0849174844039666,0.43873626373626373,0.29806848829919164,0.7697906399821187,0.3452406977559184,0.40370770601125866,1.4067884829736526,0.5096774193548387,1.7016115984549889,0.4580769230769231
2,0.001,2.0,0.41043267053562205,0.41043267053562205,1.0582066313251035,0.501510989010989,0.2980684872511979,0.7697906420781062,0.3452406961839278,0.40370770286727736,1.1653221607208253,0.5870967741935483,1.4026820325851441,0.5303846153846153
3,0.001,2.0,0.3788645232116783,0.3788645232116783,1.0040562139762628,0.5263736263736264,0.2980684827972244,0.7697906347421499,0.3452406930399465,0.40370770339127426,1.5853682810260403,0.4774193548387097,1.811919438288762,0.45076923076923076
4,0.001,2.0,0.35536048137224635,0.35536048137224635,1.0052498225327378,0.5598901098901099,0.2980684851552104,0.7697906420781062,0.34524069513593403,0.40370770286727736,1.395804766685732,0.5548387096774193,1.5654202186144315,0.5173076923076924
5,0.001,2.0,0.3405533478810237,0.3405533478810237,1.0038173607417515,0.5739010989010989,0.2980684838452182,0.7697906378861312,0.34524069513593403,0.40370770339127426,1.2082060721612746,0.5870967741935483,1.4409900254469652,0.5057692307692307
