epoch,lr,alpha,train_loss,mixed_loss,gold_stability_loss,train_accuracy,mean_r_prob,mean_r_sim,mean_gold_consistency,mean_control,val_loss,val_accuracy,test_loss,test_accuracy
1,0.001,2.0,0.6319760482389848,0.5091768750122615,0.8186611230556782,0.35563186813186815,0.24805157420399424,0.7761975382710551,0.274458870782957,0.3472886363228599,0.8850016094023182,0.6967741935483871,1.1567307453889113,0.6042307692307692
2,0.001,2.0,0.5549650835466909,0.45509218612870017,0.6658192671262301,0.40837912087912087,0.24805157367999736,0.7761975361750676,0.27445886921096635,0.34728863265488175,0.8825046812334368,0.6838709677419355,1.1963633491442753,0.5969230769230769
3,0.001,2.0,0.5180824397684454,0.4321269116558871,0.5730368312898573,0.42925824175824173,0.2480515760379833,0.7761975340790801,0.2744588705209585,0.3472886389428443,1.017859815013024,0.6290322580645161,1.3605626249313354,0.5703846153846154
4,0.001,2.0,0.4967000445166787,0.41900589511944697,0.5179609655678927,0.4442307692307692,0.24805157551398643,0.7761975393190489,0.2744588676389757,0.3472886342268724,0.8468403381686057,0.7064516129032258,1.1326687139731186,0.6319230769230769
5,0.001,2.0,0.4729906317951915,0.40436333555441634,0.457515295455744,0.4675824175824176,0.24805157263200361,0.7761975372230614,0.2744588699969617,0.34728863684685674,1.073048129389363,0.6838709677419355,1.4565060839286217,0.5861538461538461
6,0.001,2.0,0.46402248596097084,0.39827712787376657,0.43830237965007407,0.4728021978021978,0.2480515760379833,0.7761975330310863,0.27445886868696945,0.34728863527486614,0.9893170126022831,0.6774193548387096,1.397274097295908,0.5853846153846154
7,0.001,2.0,0.4501306259370112,0.38970316294785384,0.4028497469949198,0.47692307692307695,0.24805157289400206,0.7761975340790801,0.2744588702589601,0.34728863475086924,0.9037249642033731,0.6870967741935484,1.3423030317746676,0.6092307692307692
