label,total,correct,accuracy
0,260,217,0.8346153846153846
1,260,175,0.6730769230769231
2,260,188,0.7230769230769231
3,260,130,0.5
4,260,140,0.5384615384615384
5,260,124,0.47692307692307695
6,260,194,0.7461538461538462
7,260,136,0.5230769230769231
8,260,155,0.5961538461538461
9,260,184,0.7076923076923077
