label,total,correct,accuracy
0,260,191,0.7346153846153847
1,260,170,0.6538461538461539
2,260,196,0.7538461538461538
3,260,126,0.4846153846153846
4,260,172,0.6615384615384615
5,260,96,0.36923076923076925
6,260,195,0.75
7,260,139,0.5346153846153846
8,260,227,0.8730769230769231
9,260,206,0.7923076923076923
