label,total,correct,accuracy
0,260,185,0.7115384615384616
1,260,150,0.5769230769230769
2,260,225,0.8653846153846154
3,260,122,0.46923076923076923
4,260,183,0.7038461538461539
5,260,158,0.6076923076923076
6,260,186,0.7153846153846154
7,260,153,0.5884615384615385
8,260,190,0.7307692307692307
9,260,177,0.6807692307692308
