epoch,lr,alpha,train_loss,mixed_loss,gold_stability_loss,train_accuracy,mean_r_prob,mean_r_sim,mean_gold_consistency,mean_control,val_loss,val_accuracy,test_loss,test_accuracy
1,0.001,2.0,0.5390642862398546,0.45706113701338297,0.8200314563709301,0.45,0.29049443858010426,0.7827677957304231,0.33972176562298784,0.39859278333056103,0.9104579360254349,0.6967741935483871,1.1746031753833477,0.5996153846153847
2,0.001,2.0,0.4583254917637333,0.38935136028698514,0.689741323020432,0.5118131868131868,0.2904944359601199,0.7827677946824294,0.3397217677189754,0.39859278333056103,0.820588941343369,0.7290322580645161,1.0738969540596008,0.63
3,0.001,2.0,0.4180330917730436,0.3560824297941648,0.619506605378874,0.5460164835164835,0.29049443700811367,0.7827677946824294,0.33972176614698474,0.3985927849025517,1.0428667060790524,0.6548387096774193,1.4010516856266901,0.5738461538461539
4,0.001,2.0,0.3924046900901166,0.3353483150948535,0.570563741503181,0.5732142857142857,0.290494435436123,0.7827677946824294,0.33972176614698474,0.3985927843785548,0.9000124992862825,0.6806451612903226,1.1806287446388832,0.6092307692307692
5,0.001,2.0,0.37063665553763675,0.3170870420696971,0.5354961431943454,0.5968406593406593,0.29049443622211835,0.7827677925864419,0.3397217719109504,0.39859278333056103,1.0134268014661727,0.6870967741935484,1.3686798807290885,0.5811538461538461
