epoch,lr,alpha,train_loss,mixed_loss,gold_stability_loss,train_accuracy,mean_r_prob,mean_r_sim,mean_gold_consistency,mean_control,val_loss,val_accuracy,test_loss,test_accuracy
1,0.001,2.0,0.9631175523207272,0.8659507192688016,1.9433366318826097,0.2911368735976066,0.1471126502186127,0.8485343165600933,0.2873969862687561,0.34920138856235866,2.345022011159071,0.3880597014925373,2.443506444308841,0.38546120952962737
2,0.001,2.0,0.7465046337494319,0.6633992876325335,1.6621069077154371,0.40650710545998503,0.14711264754375952,0.8485343094271515,0.2873969894785799,0.3492013807161227,1.9735281520815038,0.4701492537313433,2.136519345409927,0.44593769089798413
3,0.001,2.0,0.6510893390886625,0.5767187392791885,1.4874120392546157,0.4704562453253553,0.14711265039693622,0.8485343179866817,0.28739698876528574,0.34920138570918197,2.2301165025625656,0.44029850746268656,2.3044295140571105,0.42272449602932194
4,0.001,2.0,0.5847611136639751,0.5152106197270869,1.3910098245274067,0.5110321615557217,0.14711264879202432,0.8485343080005632,0.2873969891219328,0.34920138570918197,1.7962582894225618,0.5597014925373134,1.9880823813055664,0.4844227244960293
5,0.001,2.0,0.5167540240483937,0.4540204348943977,1.254671816069775,0.5590875093492894,0.14711264700878887,0.8485343137069166,0.2873969894785799,0.3492013828560052,1.9996685750448882,0.4925373134328358,1.9782441046883146,0.4868662186927306
6,0.001,2.0,0.47892734027212025,0.42066194815874636,1.1653078397263674,0.5757292445774121,0.14711264807873015,0.8485343208398584,0.28739698876528574,0.3492013842825936,2.321049871729381,0.4552238805970149,2.3128635661953023,0.45693341478313987
7,0.001,2.0,0.45309242849128856,0.397343987970987,1.1149687767920426,0.6069558713537772,0.1471126479004066,0.8485343179866817,0.2873969866254032,0.3492013842825936,2.1248074627634304,0.5,2.142209023473899,0.48014660965180206
