epoch,lr,alpha,train_loss,mixed_loss,gold_stability_loss,train_accuracy,mean_r_prob,mean_r_sim,mean_gold_consistency,mean_control,val_loss,val_accuracy,test_loss,test_accuracy
1,0.001,2.0,3.10373032993582,2.8996327174806558,2.040976149873584,0.24700822737471953,0.1662274355663679,0.8165552485943197,0.8165552485943197,0.8088448623622988,2.4377257041077116,0.373134328358209,2.6600262211384247,0.3659132559560171
2,0.001,2.0,2.6914545667644036,2.51220007253032,1.7925449717642215,0.3262902019446522,0.16622743306983828,0.8165552414613779,0.8165552414613779,0.808844855229357,2.136889571574197,0.47761194029850745,2.2864054622778314,0.43494196701282833
3,0.001,2.0,2.485937554887987,2.3208155435863143,1.6512198971560756,0.37528047868362,0.1662274323565441,0.8165552357550245,0.8165552357550245,0.808844855229357,2.1018055446112336,0.48507462686567165,2.2419199617300807,0.43555284056200366
4,0.001,2.0,2.3273401397685105,2.16932557568946,1.580145551093764,0.41492146596858637,0.16622743503139728,0.8165552386082012,0.8165552386082012,0.8088448623622988,1.8727108079995682,0.5298507462686567,2.082836632038226,0.48259010384850337
5,0.001,2.0,2.1613424744459793,2.0148418618389807,1.4650062763075733,0.4508227374719521,0.16622743413977956,0.8165552329018478,0.8165552329018478,0.8088448566559454,1.8055601031032962,0.5522388059701493,1.985820996156901,0.5039706780696396
6,0.001,2.0,2.0437244584333922,1.905307744185962,1.3841670764945921,0.4841062079281975,0.16622743324816183,0.8165552329018478,0.8165552329018478,0.808844855229357,1.9007387748405116,0.4925373134328358,2.0578139857249647,0.4862553451435553
7,0.001,2.0,1.9543052707577964,1.8198578937248053,1.3444738182097828,0.4992520568436799,0.16622743271319118,0.8165552343284361,0.8165552343284361,0.8088448566559454,1.839987902498957,0.47761194029850745,1.9241241845111696,0.5113011606597434
8,0.001,2.0,1.8199346953572493,1.6917116280893114,1.2822306557386423,0.531226626776365,0.1662274352097208,0.8165552271954943,0.8165552271954943,0.8088448623622988,1.8632036758892572,0.5,2.00938075194653,0.4935858277336591
