epoch,lr,alpha,train_loss,mixed_loss,gold_stability_loss,train_accuracy,mean_r_prob,mean_r_sim,mean_gold_consistency,mean_control,val_loss,val_accuracy,test_loss,test_accuracy
1,0.001,2.0,3.1026801342561163,2.898557756227081,2.0412237264366406,0.2475691847419596,0.1662274355663679,0.8165552485943197,0.8165552485943197,0.8088448623622988,2.41940579841386,0.3880597014925373,2.643866411126381,0.3659132559560171
2,0.001,2.0,2.6871342963929843,2.508637347681449,1.7849695131505883,0.3300299177262528,0.16622743306983828,0.8165552400347896,0.8165552400347896,0.8088448566559454,2.138735700009474,0.4701492537313433,2.2808220290380348,0.43555284056200366
3,0.001,2.0,2.4858261492150704,2.320512008203351,1.6531415665069442,0.37471952131638,0.1662274323565441,0.8165552357550245,0.8165552357550245,0.808844855229357,2.1082740345997597,0.4626865671641791,2.238508411348048,0.4312767257177764
4,0.001,2.0,2.33203497535717,2.174063071084718,1.5797189806679246,0.4137995512341062,0.16622743503139728,0.8165552386082012,0.8165552386082012,0.8088448623622988,1.9128413253755712,0.5447761194029851,2.10353537390854,0.4715943799633476
5,0.001,2.0,2.15871592324085,2.013091582902439,1.4562432777551724,0.45287958115183247,0.16622743413977956,0.8165552343284361,0.8165552343284361,0.8088448566559454,1.8087985035198837,0.5447761194029851,2.006990452401144,0.47098350641417225
6,0.001,2.0,2.0498492945997056,1.9102007847003466,1.396485277495459,0.47943156320119673,0.16622743324816183,0.8165552329018478,0.8165552329018478,0.808844855229357,1.9442690094905113,0.4701492537313433,2.0731544275435283,0.4777031154551008
7,0.001,2.0,1.9623026168426652,1.8269169779080638,1.3538564322328246,0.49476439790575916,0.16622743271319118,0.8165552329018478,0.8165552329018478,0.8088448566559454,1.848818471182638,0.4925373134328358,1.9050504261936148,0.5076359193646915
8,0.001,2.0,1.8260514791455835,1.6965705417570287,1.2948093995641397,0.5306656694091249,0.1662274352097208,0.8165552286220827,0.8165552286220827,0.8088448623622988,1.8794366566102896,0.5223880597014925,2.0002163205120573,0.49786194257788635
