label,total,correct,accuracy
0,260,218,0.8384615384615385
1,260,193,0.7423076923076923
2,260,214,0.823076923076923
3,260,172,0.6615384615384615
4,260,169,0.65
5,260,90,0.34615384615384615
6,260,167,0.6423076923076924
7,260,202,0.7769230769230769
8,260,216,0.8307692307692308
9,260,200,0.7692307692307693
