epoch,lr,alpha,train_loss,mixed_loss,gold_stability_loss,train_accuracy,mean_r_prob,mean_r_sim,mean_gold_consistency,mean_control,val_loss,val_accuracy,test_loss,test_accuracy
1,0.001,2.0,0.9435264247071858,0.7652453952256476,1.7828102434582023,0.299925205684368,0.1471126502186127,0.8485343165600933,0.252325908230059,0.3213648007891476,2.3345407247543335,0.39552238805970147,2.520289508176418,0.3720219914477703
2,0.001,2.0,0.7294671984421467,0.5882980274726137,1.411691659764737,0.4128646222887061,0.14711264754375952,0.8485343080005632,0.25232590573352937,0.3213648043556185,1.8726078165111257,0.5,2.085901518456442,0.4612095296273671
3,0.001,2.0,0.62802458451413,0.5091755413126393,1.1884904168128254,0.4704562453253553,0.14711265039693622,0.8485343179866817,0.2523259103699415,0.3213648050689127,2.0748544095167474,0.48507462686567165,2.1758723381312794,0.4538790470372633
4,0.001,2.0,0.5574620072308457,0.45379609067937554,1.0366591336393678,0.5143979057591623,0.14711264879202432,0.8485343080005632,0.25232590858670606,0.3213648011457947,1.7886965861961024,0.5522388059701493,1.9821140061228757,0.4917532070861332
5,0.001,2.0,0.4895757119113506,0.4012091422847785,0.8836656968898531,0.5620792819745699,0.14711264700878887,0.8485343122803283,0.2523259075167648,0.32136480292903014,1.865318483381129,0.5298507462686567,1.9447250304312407,0.5045815516188149
6,0.001,2.0,0.4545669614510832,0.37557886800573403,0.7898808737343251,0.581338818249813,0.14711264807873015,0.8485343208398584,0.2523259075167648,0.3213647979359709,1.9452354445386288,0.5074626865671642,2.0338212487605847,0.4984728161270617
7,0.001,2.0,0.4184311318950325,0.3476755625067492,0.7075556921441785,0.618362004487659,0.1471126479004066,0.8485343179866817,0.2523259068034706,0.32136480007585344,1.8520655258377987,0.5522388059701493,1.8808098358574916,0.5247403787416005
