label,total,correct,accuracy
0,260,216,0.8307692307692308
1,260,192,0.7384615384615385
2,260,229,0.8807692307692307
3,260,181,0.6961538461538461
4,260,179,0.6884615384615385
5,260,90,0.34615384615384615
6,260,190,0.7307692307692307
7,260,170,0.6538461538461539
8,260,227,0.8730769230769231
9,260,198,0.7615384615384615
