epoch,lr,alpha,train_loss,mixed_loss,gold_stability_loss,train_accuracy,mean_r_prob,mean_r_sim,mean_gold_consistency,mean_control,val_loss,val_accuracy,test_loss,test_accuracy
1,0.001,2.0,0.482902221430789,0.3879490227489681,0.6330213107250549,0.5350274725274725,0.423475400694124,0.8699521829793742,0.423475400694124,0.47228283148545486,0.7796390829547759,0.7193548387096774,1.14595338509633,0.605
2,0.001,2.0,0.37022809366603476,0.2962933087741936,0.49289856127330234,0.6038461538461538,0.42347539545415525,0.8699521819313804,0.42347539545415525,0.47228283148545486,0.734277339904539,0.7387096774193549,1.1002629311268146,0.635
3,0.001,2.0,0.3264722907281184,0.26252239326854326,0.42633262794096394,0.6299450549450549,0.4234753917861771,0.8699521798353929,0.4234753917861771,0.4722828299134642,0.6921093733079972,0.7612903225806451,1.0267721267846914,0.6576923076923077
4,0.001,2.0,0.29284528284282474,0.23624193494791512,0.3773556324151846,0.6608516483516483,0.4234753917861771,0.8699521819313804,0.4234753917861771,0.47228283567742985,0.8383685123535894,0.7290322580645161,1.1777710487292363,0.6226923076923077
5,0.001,2.0,0.27909826164717205,0.22459447043282646,0.3633585935110574,0.6778846153846154,0.42347539493015834,0.8699521861233555,0.42347539493015834,0.47228283567742985,0.647692661516128,0.7741935483870968,1.0409404275967524,0.6665384615384615
6,0.001,2.0,0.24709558251139882,0.20117376990370697,0.30614540118437544,0.6997252747252747,0.42347539283417085,0.8699521787873992,0.42347539283417085,0.47228282938946736,0.6899386836636451,0.7774193548387097,1.0581241607666017,0.661923076923077
7,0.001,2.0,0.24250938053969498,0.19883949229350456,0.2911325867031957,0.7078296703296704,0.42347539493015834,0.869952188219343,0.42347539493015834,0.472282835153433,0.6634856881633882,0.7709677419354839,1.056095747947693,0.6580769230769231
8,0.001,2.0,0.2228485556094201,0.18318492491821667,0.26442419506691317,0.7179945054945055,0.4234753980741396,0.8699521861233555,0.4234753980741396,0.4722828346294361,0.7204839289188385,0.7709677419354839,1.1160408727939313,0.6561538461538462
