label,total,correct,accuracy
0,260,218,0.8384615384615385
1,260,162,0.6230769230769231
2,260,201,0.7730769230769231
3,260,145,0.5576923076923077
4,260,193,0.7423076923076923
5,260,135,0.5192307692307693
6,260,193,0.7423076923076923
7,260,171,0.6576923076923077
8,260,230,0.8846153846153846
9,260,200,0.7692307692307693
