epoch,lr,alpha,train_loss,mixed_loss,gold_stability_loss,train_accuracy,mean_r_prob,mean_r_sim,mean_gold_consistency,mean_control,val_loss,val_accuracy,test_loss,test_accuracy
1,0.001,2.0,0.45962551216502767,0.3500096537254669,0.7307723782874725,0.5125,0.3177616098424891,0.8540660679995359,0.3177616098424891,0.38581356216262985,0.908611496033207,0.6903225806451613,1.1827599033942588,0.5934615384615385
2,0.001,2.0,0.37322993881099825,0.2865323945388689,0.5779836075646537,0.5682692307692307,0.31776160827049843,0.8540660774314797,0.31776160827049843,0.38581356268662675,0.8417589695222916,0.6935483870967742,1.1510374590066763,0.6003846153846154
3,0.001,2.0,0.329548230276003,0.25414227754860136,0.5027063283291492,0.6028846153846154,0.31776160827049843,0.8540660816234547,0.31776160827049843,0.385813565830608,0.8052989844352968,0.7193548387096774,1.129356344296382,0.6192307692307693
4,0.001,2.0,0.30194705384118214,0.2340232123057921,0.45282559172137754,0.6342032967032967,0.31776160774650153,0.8540660700955234,0.31776160774650153,0.3858135632106236,0.9501454899387974,0.6806451612903226,1.266196705011221,0.5934615384615385
5,0.001,2.0,0.27747946748366725,0.21579360323292868,0.4112390778876923,0.6589285714285714,0.3177616066985078,0.8540660774314797,0.3177616066985078,0.38581355954264546,0.6776564544247042,0.7774193548387097,1.006269369492164,0.6580769230769231
6,0.001,2.0,0.26360296456368415,0.20685513484608997,0.37831884930422016,0.6704670329670329,0.3177616066985078,0.8540660753354922,0.3177616066985078,0.3858135637346205,0.7710208977422407,0.7387096774193549,1.151132500721858,0.6284615384615385
7,0.001,2.0,0.24225699999830225,0.19248312282693256,0.3318258369361961,0.6931318681318681,0.3177616108904828,0.8540660774314797,0.3177616108904828,0.38581356163863295,0.804375833080661,0.7451612903225806,1.0876242560606737,0.6473076923076924
8,0.001,2.0,0.2201057954803928,0.17386207721390567,0.30829144414964615,0.7153846153846154,0.3177616093184922,0.8540660774314797,0.3177616093184922,0.3858135611146361,0.7474872519893031,0.7741935483870968,1.0556247034439674,0.6646153846153846
