label,total,correct,accuracy
0,260,210,0.8076923076923077
1,260,151,0.5807692307692308
2,260,226,0.8692307692307693
3,260,168,0.6461538461538462
4,260,172,0.6615384615384615
5,260,70,0.2692307692307692
6,260,145,0.5576923076923077
7,260,207,0.7961538461538461
8,260,208,0.8
9,260,171,0.6576923076923077
