label,total,correct,accuracy
0,260,215,0.8269230769230769
1,260,162,0.6230769230769231
2,260,211,0.8115384615384615
3,260,111,0.4269230769230769
4,260,167,0.6423076923076924
5,260,56,0.2153846153846154
6,260,218,0.8384615384615385
7,260,162,0.6230769230769231
8,260,209,0.8038461538461539
9,260,152,0.5846153846153846
