epoch,lr,alpha,train_loss,mixed_loss,gold_stability_loss,train_accuracy,mean_r_prob,mean_r_sim,mean_gold_consistency,mean_control,val_loss,val_accuracy,test_loss,test_accuracy
1,0.001,2.0,0.5482328906164065,0.4587619924938286,0.8947089687808529,0.4857142857142857,0.28303253703064973,0.878667347247784,0.3723777697636531,0.4199920056940435,0.9556954852996334,0.667741935483871,1.2778219307385958,0.5457692307692308
2,0.001,2.0,0.4376907351252797,0.3657075251196767,0.7198320886590979,0.5570054945054945,0.2830325357206575,0.8786673524877527,0.37237776766766556,0.4199920030740591,0.8949253013057094,0.6935483870967742,1.1904346161622268,0.5692307692307692
3,0.001,2.0,0.3901325231070047,0.3267476165032649,0.6338490389205598,0.5982142857142857,0.28303253441066534,0.8786673524877527,0.3723777692396562,0.4199920030740591,0.8669740207733646,0.7161290322580646,1.1059987805439875,0.6161538461538462
4,0.001,2.0,0.35717630628701097,0.298314523434901,0.5886177995702723,0.6223901098901099,0.2830325349346622,0.8786673577277215,0.37237777081164686,0.41999200674203724,0.7251381124219587,0.7806451612903226,0.9637898855942946,0.6511538461538462
5,0.001,2.0,0.3260612223174546,0.27280807950339475,0.5325314303020855,0.6587912087912088,0.28303253519666066,0.8786673503917652,0.37237777028764996,0.4199920056940435,0.7781957799388516,0.7354838709677419,1.0027139337246234,0.6438461538461538
6,0.001,2.0,0.3108828623216231,0.2613736491936904,0.49509212918333956,0.6659340659340659,0.28303253362467,0.8786673493437714,0.3723777697636531,0.4199920056940435,0.7742440077566332,0.7483870967741936,1.0260944395798903,0.6338461538461538
7,0.001,2.0,0.2890716680458614,0.241182918044237,0.4788875042737185,0.6902472527472527,0.28303253388666844,0.8786673514397589,0.37237777081164686,0.41999200202606535,0.8161396157357,0.7483870967741936,1.0611795707849356,0.6353846153846154
