label,total,correct,accuracy
0,260,224,0.8615384615384616
1,260,187,0.7192307692307692
2,260,225,0.8653846153846154
3,260,178,0.6846153846153846
4,260,172,0.6615384615384615
5,260,112,0.4307692307692308
6,260,189,0.7269230769230769
7,260,172,0.6615384615384615
8,260,221,0.85
9,260,194,0.7461538461538462
