label,total,correct,accuracy
0,260,220,0.8461538461538461
1,260,139,0.5346153846153846
2,260,196,0.7538461538461538
3,260,138,0.5307692307692308
4,260,188,0.7230769230769231
5,260,88,0.3384615384615385
6,260,219,0.8423076923076923
7,260,138,0.5307692307692308
8,260,231,0.8884615384615384
9,260,190,0.7307692307692307
