label,total,correct,accuracy
0,260,204,0.7846153846153846
1,260,184,0.7076923076923077
2,260,233,0.8961538461538462
3,260,145,0.5576923076923077
4,260,164,0.6307692307692307
5,260,138,0.5307692307692308
6,260,204,0.7846153846153846
7,260,168,0.6461538461538462
8,260,212,0.8153846153846154
9,260,202,0.7769230769230769
