epoch,lr,alpha,train_loss,mixed_loss,gold_stability_loss,train_accuracy,mean_r_prob,mean_r_sim,mean_gold_consistency,mean_control,val_loss,val_accuracy,test_loss,test_accuracy
1,0.001,2.0,0.6532776957029824,0.5510240970077095,0.6816906667017675,0.47087912087912087,0.4087765688424582,0.8567374680068467,0.45357264476818043,0.4890181499523121,0.7741398942086004,0.7096774193548387,1.070655426795666,0.6203846153846154
2,0.001,2.0,0.5697161487170628,0.4837699173570989,0.5729748471752628,0.5087912087912088,0.4087765656984769,0.8567374606708904,0.4535726500081492,0.4890181510003058,0.7286053476795074,0.7354838709677419,1.0323431987028855,0.6388461538461538
3,0.001,2.0,0.5274152109911153,0.4495806037069677,0.5188973542098161,0.5385989010989011,0.40877656360248943,0.8567374648628654,0.4535726479121617,0.48901814890431833,0.7724015009018683,0.7258064516129032,1.0480043352567232,0.6623076923076923
4,0.001,2.0,0.49517910231600754,0.4236670084052033,0.47674726732484585,0.5550824175824176,0.4087765646504832,0.8567374648628654,0.4535726463401711,0.48901814628433393,0.6477789071298414,0.7903225806451613,0.9392569747337928,0.6838461538461539
5,0.001,2.0,0.4792653261960208,0.4106703099313673,0.457300072318905,0.5714285714285714,0.4087765662224738,0.8567374680068467,0.4535726484361586,0.48901814680833083,0.5884874151599022,0.8,0.9106959603382991,0.6903846153846154
6,0.001,2.0,0.45908155264435235,0.3953790016881712,0.42468366911123084,0.581456043956044,0.4087765630784925,0.8567374711508279,0.4535726463401711,0.4890181436643496,0.6440123411916917,0.7806451612903226,0.9177472477692824,0.6857692307692308
7,0.001,2.0,0.43384696756090435,0.3750285476118654,0.3921227766917302,0.5958791208791209,0.4087765651744801,0.8567374638148717,0.4535726458161742,0.48901814418834644,0.6226032995408581,0.7870967741935484,0.9027321745799138,0.6923076923076923
8,0.001,2.0,0.4205169473375593,0.36571955117550525,0.3653159478208521,0.6103021978021979,0.4087765651744801,0.8567374690548404,0.4535726411002023,0.48901814890431833,0.595016973826193,0.8032258064516129,0.9117338279577402,0.6988461538461539
