label,total,correct,accuracy
0,260,214,0.823076923076923
1,260,144,0.5538461538461539
2,260,217,0.8346153846153846
3,260,181,0.6961538461538461
4,260,156,0.6
5,260,177,0.6807692307692308
6,260,186,0.7153846153846154
7,260,155,0.5961538461538461
8,260,229,0.8807692307692307
9,260,158,0.6076923076923076
