label,total,correct,accuracy
0,260,212,0.8153846153846154
1,260,213,0.8192307692307692
2,260,224,0.8615384615384616
3,260,148,0.5692307692307692
4,260,173,0.6653846153846154
5,260,136,0.5230769230769231
6,260,183,0.7038461538461539
7,260,170,0.6538461538461539
8,260,210,0.8076923076923077
9,260,176,0.676923076923077
