epoch,lr,alpha,train_loss,mixed_loss,gold_stability_loss,train_accuracy,mean_r_prob,mean_r_sim,mean_gold_consistency,mean_control,val_loss,val_accuracy,test_loss,test_accuracy
1,0.001,2.0,2.737626896389581,2.5420421159525994,1.955847831653318,0.25280478683620045,0.19891972602439087,0.8349858685581204,0.707772652248705,0.7292976122608628,2.3635670533820763,0.41044776119402987,2.596972454883154,0.3860720830788027
2,0.001,2.0,2.3626305826938947,2.1926996800644503,1.6993090412736207,0.3356394913986537,0.1989197249544496,0.8349858699847088,0.7077726493955283,0.729297605127921,2.114180703661335,0.417910447761194,2.2746234353752346,0.4471594379963348
3,0.001,2.0,2.1707734268105736,2.01429993275305,1.564734840624887,0.38668661181750186,0.19891972584606732,0.8349858685581204,0.7077726508221166,0.7292976122608628,1.9802660746360892,0.48507462686567165,2.185198762756189,0.4483811850946854
4,0.001,2.0,2.0359924761501818,1.8879126853343704,1.480797779408514,0.41903515332834707,0.1989197249544496,0.834985862851767,0.7077726551018817,0.729297613687451,1.8128245179332905,0.5522388059701493,2.024194127987563,0.4954184483811851
5,0.001,2.0,1.88390144333522,1.7468061315184131,1.3709530981958313,0.456432311144353,0.19891972424115542,0.8349858642783554,0.7077726436891748,0.7292976151140395,1.7223103259926411,0.6044776119402985,1.920111585624639,0.5235186316432499
6,0.001,2.0,1.775270399712054,1.6467616221935069,1.2850878373312256,0.4900897531787584,0.1989197253110967,0.834985862851767,0.7077726551018817,0.7292976151140395,1.7953551634034115,0.5298507462686567,1.9563671994223855,0.5064141722663409
7,0.001,2.0,1.6889446231974714,1.5645253345336858,1.2441928990313431,0.5160807778608826,0.1989197256677438,0.8349858599985903,0.7077726579550584,0.7292976079810977,1.7767464545235705,0.5,1.8801813544335713,0.51435552840562
8,0.001,2.0,1.5827325437170583,1.4638389677099086,1.1889357655103652,0.5325355272999253,0.19891972638103797,0.8349858642783554,0.7077726422625865,0.729297613687451,1.7303045116253752,0.5298507462686567,1.8708875095545698,0.5192425167990226
