epoch,lr,alpha,train_loss,mixed_loss,gold_stability_loss,train_accuracy,mean_r_prob,mean_r_sim,mean_gold_consistency,mean_control,val_loss,val_accuracy,test_loss,test_accuracy
1,0.001,2.0,0.8870130376576842,0.8870130376576842,2.113305594730306,0.2844053851907255,0.1471126502186127,0.8485343165600933,0.2873969862687561,0.34920138856235866,2.501414153113294,0.34328358208955223,2.57165065507883,0.3536957849725107
2,0.001,2.0,0.6852525154333464,0.6852525154333464,1.9356005671493313,0.3954749439042633,0.14711264754375952,0.8485343080005632,0.2873969894785799,0.3492013807161227,2.2380780337461785,0.417910447761194,2.318456562102824,0.4098961514966402
3,0.001,2.0,0.592486926844161,0.592486926844161,1.8465041220856855,0.4543754674644727,0.14711265039693622,0.8485343179866817,0.28739698876528574,0.3492013864224761,2.405685081410764,0.3880597014925373,2.3775335883103863,0.39951130116065975
4,0.001,2.0,0.5340957550210745,0.5340957550210745,1.8581546077821,0.49289454001495886,0.14711264879202432,0.8485343080005632,0.2873969891219328,0.34920138570918197,1.9712759274155347,0.4552238805970149,2.1382752837534715,0.4581551618814905
5,0.001,2.0,0.4813456809957614,0.4813456809957614,1.7946404308727095,0.5422587883320867,0.14711264700878887,0.8485343122803283,0.2873969894785799,0.3492013828560052,2.136736271986321,0.47761194029850745,2.091520025880146,0.4654856444715944
6,0.001,2.0,0.4339336987387002,0.4339336987387002,1.7752231440619024,0.5703066566940912,0.14711264807873015,0.8485343208398584,0.28739698876528574,0.3492013842825936,2.55039462758534,0.40298507462686567,2.439810707427848,0.4324984728161271
7,0.001,2.0,0.41063371699696255,0.41063371699696255,1.763490396109462,0.593492894540015,0.1471126479004066,0.8485343179866817,0.2873969866254032,0.3492013842825936,2.4746400616062223,0.43283582089552236,2.4845728122685546,0.43188759926695175
