label,total,correct,accuracy
0,260,171,0.6576923076923077
1,260,167,0.6423076923076924
2,260,221,0.85
3,260,116,0.4461538461538462
4,260,166,0.6384615384615384
5,260,82,0.3153846153846154
6,260,214,0.823076923076923
7,260,173,0.6653846153846154
8,260,181,0.6961538461538461
9,260,178,0.6846153846153846
