label,total,correct,accuracy
0,260,200,0.7692307692307693
1,260,173,0.6653846153846154
2,260,244,0.9384615384615385
3,260,156,0.6
4,260,162,0.6230769230769231
5,260,158,0.6076923076923076
6,260,136,0.5230769230769231
7,260,187,0.7192307692307692
8,260,216,0.8307692307692308
9,260,166,0.6384615384615384
