epoch,lr,alpha,train_loss,mixed_loss,gold_stability_loss,train_accuracy,mean_r_prob,mean_r_sim,mean_gold_consistency,mean_control,val_loss,val_accuracy,test_loss,test_accuracy
1,0.001,2.0,0.5776124480006459,0.4554626463533758,0.8143319787559928,0.39587912087912086,0.27105497947105994,0.8487844624362149,0.27105497947105994,0.3493358627780453,0.8949853727894445,0.6838709677419355,1.1577405841533954,0.5915384615384616
2,0.001,2.0,0.4859819775754279,0.3899891951581934,0.639951862345685,0.4517857142857143,0.2710549786850646,0.8487844676761837,0.2710549786850646,0.3493358633020422,0.7899266385263012,0.7451612903225806,1.0668680161696213,0.6153846153846154
3,0.001,2.0,0.4483024299799741,0.36534354876685926,0.5530591879572188,0.47733516483516486,0.2710549778990693,0.8487844582442399,0.2710549778990693,0.34933586435003594,0.8064571595961048,0.7258064516129032,1.0727956716830913,0.6296153846153846
4,0.001,2.0,0.42550979263179906,0.35134563066147184,0.4944277239369822,0.4916208791208791,0.2710549792090615,0.8487844603402274,0.2710549792090615,0.3493358633020422,1.0219587433722712,0.667741935483871,1.5524357902086698,0.5261538461538462
5,0.001,2.0,0.40429477351052423,0.3363513442841205,0.4529561748871436,0.5116758241758241,0.27105497816106777,0.8487844571962462,0.27105497816106777,0.3493358653980297,0.7438272049350123,0.7419354838709677,1.078104032736558,0.62
6,0.001,2.0,0.38957802607462955,0.3252949969454126,0.42855351809616926,0.5252747252747253,0.2710549755410834,0.8487844561482524,0.2710549755410834,0.34933586487403284,0.714095849375571,0.7612903225806451,1.1175804442625779,0.6269230769230769
7,0.001,2.0,0.37464648701332426,0.31656416661136755,0.3872154550892966,0.5372252747252747,0.27105497816106777,0.8487844655801962,0.27105497816106777,0.34933586435003594,0.7910006346241121,0.7193548387096774,1.0696387118559618,0.6280769230769231
8,0.001,2.0,0.35308986600938735,0.2997952150774526,0.35529765349168047,0.5642857142857143,0.2710549807810521,0.8487844613882212,0.2710549807810521,0.3493358606820578,0.7297218153553624,0.7193548387096774,1.0769510148121761,0.6365384615384615
9,0.001,2.0,0.3365978580254775,0.28896478073937554,0.3175538452444496,0.5747252747252747,0.2710549807810521,0.8487844613882212,0.2710549807810521,0.3493358612060547,0.7520291478403153,0.7258064516129032,1.0683109369644752,0.6469230769230769
