label,total,correct,accuracy
0,260,217,0.8346153846153846
1,260,130,0.5
2,260,209,0.8038461538461539
3,260,129,0.49615384615384617
4,260,130,0.5
5,260,95,0.36538461538461536
6,260,203,0.7807692307692308
7,260,205,0.7884615384615384
8,260,173,0.6653846153846154
9,260,191,0.7346153846153847
