epoch,lr,alpha,train_loss,mixed_loss,gold_stability_loss,train_accuracy,mean_r_prob,mean_r_sim,mean_gold_consistency,mean_control,val_loss,val_accuracy,test_loss,test_accuracy
1,0.001,2.0,0.5011660282428448,0.4215779307124379,0.7958809608941549,0.5068681318681318,0.3177616098424891,0.8540660690475296,0.37139204832223743,0.4241831428402073,0.9382958635207146,0.6935483870967742,1.1882152997530424,0.5776923076923077
2,0.001,2.0,0.4088433413715153,0.3424809515476227,0.6636239037408933,0.5773351648351648,0.31776160827049843,0.8540660784794734,0.3713920472742437,0.42418314388820105,0.8253888037896926,0.7129032258064516,1.1011328238707323,0.6088461538461538
3,0.001,2.0,0.3689378640153906,0.3096330090538486,0.5930485594403613,0.6082417582417582,0.31776160827049843,0.854066080575461,0.37139204675024684,0.4241831449361948,0.804398016775808,0.7096774193548387,1.0748409069501437,0.6230769230769231
4,0.001,2.0,0.337351965707737,0.28293439745903015,0.5441756843210577,0.6406593406593407,0.31776160774650153,0.8540660700955234,0.3713920530382093,0.4241831428402073,0.8783004706905734,0.7032258064516129,1.1958150845307571,0.5938461538461538
5,0.001,2.0,0.31126924831788616,0.26095173129668603,0.5031751685090118,0.6619505494505494,0.3177616066985078,0.8540660784794734,0.3713920498942281,0.4241831423162104,0.6985332142922186,0.7645161290322581,0.9978920382719774,0.6538461538461539
6,0.001,2.0,0.3041375289906512,0.25461596774530937,0.49521560695145156,0.6741758241758242,0.3177616066985078,0.8540660732395047,0.3713920525142125,0.4241831423162104,0.7609833217436267,0.7258064516129032,1.1293043602429904,0.6234615384615385
7,0.001,2.0,0.28183488662426287,0.23677114254825718,0.4506374609339368,0.6971153846153846,0.3177616108904828,0.854066080575461,0.37139205146621873,0.4241831428402073,0.8224525397823703,0.7,1.056712433374845,0.6453846153846153
8,0.001,2.0,0.260536363033148,0.2180017108118141,0.42534651265039547,0.7127747252747253,0.3177616093184922,0.8540660763834859,0.37139204937023124,0.4241831402202229,0.7359028300931377,0.7580645161290323,1.052621238415058,0.6538461538461539
