label,total,correct,accuracy
0,260,235,0.9038461538461539
1,260,181,0.6961538461538461
2,260,217,0.8346153846153846
3,260,191,0.7346153846153847
4,260,138,0.5307692307692308
5,260,103,0.39615384615384613
6,260,174,0.6692307692307692
7,260,153,0.5884615384615385
8,260,219,0.8423076923076923
9,260,179,0.6884615384615385
