label,total,correct,accuracy
0,260,207,0.7961538461538461
1,260,159,0.6115384615384616
2,260,233,0.8961538461538462
3,260,164,0.6307692307692307
4,260,151,0.5807692307692308
5,260,128,0.49230769230769234
6,260,153,0.5884615384615385
7,260,196,0.7538461538461538
8,260,191,0.7346153846153847
9,260,145,0.5576923076923077
