epoch,lr,alpha,train_loss,mixed_loss,gold_stability_loss,train_accuracy,mean_r_prob,mean_r_sim,mean_gold_consistency,mean_control,val_loss,val_accuracy,test_loss,test_accuracy
1,0.001,2.0,0.9383744434714764,0.8651375063961803,1.4647386961225797,0.3231114435302917,0.2070610803191842,0.8400002752744893,0.33364892558723397,0.3895362113604549,2.0300357128257183,0.417910447761194,2.384954652337673,0.41783750763591937
2,0.001,2.0,0.7254708072277888,0.6619620318723064,1.2701755083579132,0.43717277486910994,0.20706107782265457,0.840000273847901,0.3336489220207631,0.3895362113604549,1.8738998263629514,0.4701492537313433,2.19728030048643,0.4593769089798412
3,0.001,2.0,0.6354609306124314,0.5754692118027002,1.199834276779249,0.48803290949887806,0.20706108103247836,0.8400002767010777,0.3336489241606456,0.3895362149269258,1.889001826741802,0.5074626865671642,2.158816780342004,0.46059865607819184
4,0.001,2.0,0.5638238772939369,0.5096375651117038,1.0837263007081972,0.5272999252056844,0.20706107996253711,0.8400002709947242,0.3336489270138223,0.3895362120737491,1.6846924682161701,0.5522388059701493,1.9414226764138327,0.5070250458155162
5,0.001,2.0,0.4955651081580231,0.4460650539121792,0.9900010408263823,0.5807778608825729,0.20706107817930167,0.8400002795542544,0.3336489248739398,0.38953620993386656,1.525537875161242,0.582089552238806,1.851076026405586,0.535125229077581
6,0.001,2.0,0.4424478271021804,0.3964625232774282,0.9197060734635426,0.618362004487659,0.2070610828157138,0.8400002695681359,0.3336489270138223,0.3895362120737491,1.7857793533979958,0.5597014925373134,2.0536160164660044,0.5082467929138669
7,0.001,2.0,0.407107458243017,0.36325028304654267,0.8771435552866671,0.6479057591623036,0.2070610803191842,0.8400002709947242,0.3336489277271165,0.3895362149269258,1.6548625088449735,0.582089552238806,1.802431966592862,0.5448992058643861
8,0.001,2.0,0.3663675883588456,0.32592770401541654,0.8087976535666587,0.6722139117427075,0.20706108138912546,0.8400002838340195,0.33364892558723397,0.3895362149269258,1.5364093602593265,0.5373134328358209,1.807591917388091,0.5473427000610873
