label,total,correct,accuracy
0,260,216,0.8307692307692308
1,260,179,0.6884615384615385
2,260,204,0.7846153846153846
3,260,124,0.47692307692307695
4,260,201,0.7730769230769231
5,260,50,0.19230769230769232
6,260,188,0.7230769230769231
7,260,161,0.6192307692307693
8,260,175,0.6730769230769231
9,260,183,0.7038461538461539
