label,total,correct,accuracy
0,260,223,0.8576923076923076
1,260,173,0.6653846153846154
2,260,220,0.8461538461538461
3,260,161,0.6192307692307693
4,260,189,0.7269230769230769
5,260,161,0.6192307692307693
6,260,206,0.7923076923076923
7,260,184,0.7076923076923077
8,260,233,0.8961538461538462
9,260,204,0.7846153846153846
