label,total,correct,accuracy
0,260,232,0.8923076923076924
1,260,159,0.6115384615384616
2,260,231,0.8884615384615384
3,260,124,0.47692307692307695
4,260,186,0.7153846153846154
5,260,140,0.5384615384615384
6,260,204,0.7846153846153846
7,260,181,0.6961538461538461
8,260,224,0.8615384615384616
9,260,193,0.7423076923076923
