label,total,correct,accuracy
0,260,219,0.8423076923076923
1,260,193,0.7423076923076923
2,260,198,0.7615384615384615
3,260,175,0.6730769230769231
4,260,174,0.6692307692307692
5,260,150,0.5769230769230769
6,260,195,0.75
7,260,160,0.6153846153846154
8,260,245,0.9423076923076923
9,260,190,0.7307692307692307
