label,total,correct,accuracy
0,260,209,0.8038461538461539
1,260,184,0.7076923076923077
2,260,231,0.8884615384615384
3,260,163,0.6269230769230769
4,260,208,0.8
5,260,151,0.5807692307692308
6,260,169,0.65
7,260,157,0.6038461538461538
8,260,207,0.7961538461538461
9,260,187,0.7192307692307692
