label,total,correct,accuracy
0,260,226,0.8692307692307693
1,260,165,0.6346153846153846
2,260,214,0.823076923076923
3,260,128,0.49230769230769234
4,260,125,0.4807692307692308
5,260,125,0.4807692307692308
6,260,212,0.8153846153846154
7,260,152,0.5846153846153846
8,260,215,0.8269230769230769
9,260,188,0.7230769230769231
