epoch,lr,alpha,train_loss,mixed_loss,gold_stability_loss,train_accuracy,mean_r_prob,mean_r_sim,mean_gold_consistency,mean_control,val_loss,val_accuracy,test_loss,test_accuracy
1,0.001,2.0,0.5601386119376172,0.48336793577278053,0.7677067459284604,0.4412087912087912,0.38802257579761545,0.8584326408721589,0.38802257579761545,0.44383635782933495,0.8228166710945868,0.7387096774193549,1.0790536403656006,0.6192307692307693
2,0.001,2.0,0.46870406708874546,0.4045449278511844,0.641591385956649,0.5026098901098901,0.38802257841759985,0.8584326440161401,0.38802257841759985,0.44383635887732875,0.7949004188660652,0.7322580645161291,0.9986874123720022,0.645
3,0.001,2.0,0.4340977618982504,0.37550122960583193,0.5859653056322873,0.5339285714285714,0.388022577893603,0.8584326408721589,0.388022577893603,0.44383635782933495,0.771724897046243,0.7548387096774194,1.0183121545498188,0.6492307692307693
4,0.001,2.0,0.418302709715707,0.36390763226446216,0.5439507763464372,0.5398351648351648,0.38802257579761545,0.8584326408721589,0.38802257579761545,0.44383635573334745,0.7604963979413433,0.7354838709677419,1.0787795488650982,0.6296153846153846
5,0.001,2.0,0.39601938626268407,0.344913524389267,0.5110585980362945,0.5635989010989011,0.38802257370162796,0.8584326408721589,0.38802257370162796,0.44383635154137246,0.7617239909787332,0.7451612903225806,1.0000973264987651,0.6673076923076923
6,0.001,2.0,0.39282846712804104,0.341002473791877,0.5182599372916169,0.567032967032967,0.38802257894159675,0.8584326440161401,0.38802257894159675,0.4438363573053381,0.6732880526973355,0.7774193548387097,0.930567717735584,0.6865384615384615
7,0.001,2.0,0.3599152627227071,0.31435626660074506,0.4555899686865754,0.5896978021978022,0.3880225773696061,0.8584326419201526,0.3880225773696061,0.44383635154137246,0.7009938047778221,0.7483870967741936,0.9930484509468078,0.6723076923076923
8,0.001,2.0,0.35384057740588765,0.30888087042085416,0.44959708609423793,0.5991758241758242,0.38802257841759985,0.8584326387761714,0.38802257841759985,0.4438363567813412,0.686326620271129,0.7548387096774194,0.9531912220441378,0.6807692307692308
9,0.001,2.0,0.33500506701050226,0.2936495462616721,0.41355520748830105,0.6076923076923076,0.38802257632161236,0.8584326387761714,0.38802257632161236,0.44383635311336306,0.7084635319248322,0.7419354838709677,0.9236025678194486,0.6865384615384615
