label,total,correct,accuracy
0,260,204,0.7846153846153846
1,260,164,0.6307692307692307
2,260,220,0.8461538461538461
3,260,176,0.676923076923077
4,260,163,0.6269230769230769
5,260,107,0.4115384615384615
6,260,184,0.7076923076923077
7,260,156,0.6
8,260,219,0.8423076923076923
9,260,176,0.676923076923077
