label,total,correct,accuracy
0,260,218,0.8384615384615385
1,260,169,0.65
2,260,205,0.7884615384615384
3,260,136,0.5230769230769231
4,260,137,0.5269230769230769
5,260,96,0.36923076923076925
6,260,215,0.8269230769230769
7,260,155,0.5961538461538461
8,260,223,0.8576923076923076
9,260,194,0.7461538461538462
