label,total,correct,accuracy
0,260,200,0.7692307692307693
1,260,138,0.5307692307692308
2,260,196,0.7538461538461538
3,260,177,0.6807692307692308
4,260,110,0.4230769230769231
5,260,97,0.3730769230769231
6,260,148,0.5692307692307692
7,260,182,0.7
8,260,206,0.7923076923076923
9,260,180,0.6923076923076923
