epoch,lr,alpha,train_loss,mixed_loss,gold_stability_loss,train_accuracy,mean_r_prob,mean_r_sim,mean_gold_consistency,mean_control,val_loss,val_accuracy,test_loss,test_accuracy
1,0.001,2.0,1.0909998275133417,0.9394176905067804,1.515821319689212,0.2655198204936425,0.1662274355663679,0.8165552485943197,0.2637766133339082,0.3325972924414373,2.0737048939092837,0.47761194029850745,2.417687271598205,0.3982895540623091
2,0.001,2.0,0.9197631112746365,0.7952979338998303,1.24465175600487,0.34349289454001497,0.16622743306983828,0.8165552400347896,0.2637766151171437,0.33259729315473147,1.8068742058170375,0.5149253731343284,2.1334754211842903,0.46426389737324375
3,0.001,2.0,0.8310404785908062,0.7238432559489134,1.0719722212029645,0.39416604338070305,0.1662274323565441,0.8165552357550245,0.263776612263967,0.33259728994490767,1.819864450995602,0.4925373134328358,2.120140571308777,0.46792913866829566
4,0.001,2.0,0.7674139359145353,0.6730550124115612,0.9435892125163938,0.42277486910994766,0.16622743503139728,0.8165552371816128,0.2637766119073199,0.3325972853084955,1.6477152393825019,0.5746268656716418,1.9693250994749307,0.4972510690287111
5,0.001,2.0,0.7023105360539706,0.6197865555423716,0.8252398108223435,0.4612939416604338,0.16622743413977956,0.8165552343284361,0.2637766119073199,0.3325972888749664,1.565676964930634,0.5970149253731343,1.9123980580995779,0.5125229077580941
6,0.001,2.0,0.6538684885717633,0.5812577910626567,0.7261069734861535,0.49794315632011965,0.16622743324816183,0.8165552329018478,0.2637766129772611,0.3325972917281431,1.6928978873722589,0.5149253731343284,1.913142748409171,0.5167990226023214
7,0.001,2.0,0.6219881979850307,0.5547242100861149,0.6726398976685489,0.5130890052356021,0.16622743271319118,0.8165552343284361,0.2637766115506728,0.3325972888749664,1.596060037612915,0.5447761194029851,1.8339364624052565,0.5284056200366524
8,0.001,2.0,0.5831931905908735,0.5224416287157548,0.6075156262853562,0.5295437546746448,0.1662274352097208,0.8165552286220827,0.263776612620614,0.3325972924414373,1.5906575402217125,0.5671641791044776,1.8526754154253093,0.5247403787416005
