epoch,lr,alpha,train_loss,mixed_loss,gold_stability_loss,train_accuracy,mean_r_prob,mean_r_sim,mean_gold_consistency,mean_control,val_loss,val_accuracy,test_loss,test_accuracy
1,0.001,2.0,0.908344202284146,0.7644663729949415,1.4387781315092374,0.2670157068062827,0.1662274355663679,0.8165552485943197,0.19874382090372386,0.28780484110362153,2.030793243379735,0.4626865671641791,2.4239132322766976,0.403787416004887
2,0.001,2.0,0.7571786097741965,0.6423279731328931,1.1485063480457087,0.34424083769633507,0.16622743306983828,0.8165552414613779,0.19874382161701803,0.28780484502673953,1.7786028883350429,0.5149253731343284,2.128475598613154,0.46182040317654244
3,0.001,2.0,0.6804105792370142,0.5831067092220732,0.9730387093330731,0.3932311144353029,0.1662274323565441,0.8165552357550245,0.1987438226869593,0.28780484181691574,1.7781496599539002,0.4925373134328358,2.111907970053289,0.4740378741600489
4,0.001,2.0,0.6274160934011707,0.5427250470701401,0.8469104588522158,0.4214659685863874,0.16622743503139728,0.8165552386082012,0.19874382161701803,0.2878048386070919,1.6495679954984295,0.5671641791044776,1.973143551723944,0.499083689676237
5,0.001,2.0,0.5730156059932067,0.5002499754382499,0.7276562952513826,0.4620418848167539,0.16622743413977956,0.8165552343284361,0.1987438226869593,0.28780484039032733,1.4970576033663394,0.582089552238806,1.8974949677833786,0.5131337813072694
6,0.001,2.0,0.5351781181506283,0.4717668675627384,0.6341124904984936,0.48653702318623787,0.16622743324816183,0.8165552329018478,0.1987438226869593,0.28780484110362153,1.5665721822140821,0.5671641791044776,1.8831323375043596,0.5174098961514967
7,0.001,2.0,0.5081869452946562,0.4501153172934867,0.5807162853391116,0.5052356020942408,0.16622743271319118,0.8165552357550245,0.1987438226869593,0.28780483825044484,1.5464622716405498,0.5671641791044776,1.8388860851944986,0.5284056200366524
8,0.001,2.0,0.4749791483292405,0.4231092000551516,0.5186994932842682,0.5222513089005235,0.1662274352097208,0.816555230048671,0.19874382197366514,0.28780484039032733,1.5693549496024402,0.5970149253731343,1.8492867677912308,0.5149664019547954
