epoch,lr,alpha,train_loss,mixed_loss,gold_stability_loss,train_accuracy,mean_r_prob,mean_r_sim,mean_gold_consistency,mean_control,val_loss,val_accuracy,test_loss,test_accuracy
1,0.001,2.0,0.5104796158743429,0.4566105976209536,0.7182535561886463,0.46744505494505495,0.30975317509619743,0.7722091360406561,0.35599876602927405,0.41115020552834314,0.8252024519828058,0.6903225806451613,1.166935481291551,0.5965384615384616
2,0.001,2.0,0.42212480522774076,0.37717733127730235,0.5992996276079954,0.5273351648351648,0.3097531740482037,0.7722091287046998,0.35599876602927405,0.4111502086723244,0.791535270983173,0.7258064516129032,1.1271271067399244,0.6146153846153846
3,0.001,2.0,0.399263539484569,0.3556787670313657,0.5811302686785603,0.5629120879120879,0.30975317588219275,0.7722091318486811,0.35599876864925845,0.41115020762433063,0.9813041513965975,0.6580645161290323,1.395558141561655,0.5823076923076923
4,0.001,2.0,0.3777873783321171,0.3363648295402527,0.5523006253190093,0.5762362637362637,0.30975317588219275,0.7722091349926624,0.35599876655327095,0.41115020762433063,1.074176739108178,0.6580645161290323,1.4831039498402523,0.5676923076923077
5,0.001,2.0,0.34983711190276096,0.3108045138500549,0.5204346278211572,0.6064560439560439,0.3097531798121693,0.7722091328966748,0.3559987649812803,0.4111502039563525,0.6216265143886689,0.7838709677419354,1.0766152957769541,0.6530769230769231
6,0.001,2.0,0.3303528230268877,0.29366635464049956,0.4891529047882164,0.6199175824175824,0.3097531787641756,0.7722091266087123,0.3559987681252616,0.41115020605234,0.9714219658605514,0.667741935483871,1.3841446605095498,0.5934615384615385
7,0.001,2.0,0.3175193056300446,0.2829150465163556,0.46139009994464913,0.6328296703296703,0.3097531774541834,0.7722091308006873,0.35599876864925845,0.41115020710033373,0.9510527464651293,0.7290322580645161,1.3971045053922213,0.6019230769230769
8,0.001,2.0,0.29930927471800167,0.2663096138409206,0.4399954527943999,0.6553571428571429,0.30975317850217715,0.7722091318486811,0.35599876917325535,0.4111502086723244,0.8130138874053955,0.7548387096774194,1.144430046264942,0.6530769230769231
