label,total,correct,accuracy
0,260,208,0.8
1,260,131,0.5038461538461538
2,260,201,0.7730769230769231
3,260,158,0.6076923076923076
4,260,196,0.7538461538461538
5,260,96,0.36923076923076925
6,260,181,0.6961538461538461
7,260,117,0.45
8,260,212,0.8153846153846154
9,260,198,0.7615384615384615
