label,total,correct,accuracy
0,260,212,0.8153846153846154
1,260,180,0.6923076923076923
2,260,205,0.7884615384615384
3,260,138,0.5307692307692308
4,260,181,0.6961538461538461
5,260,115,0.4423076923076923
6,260,200,0.7692307692307693
7,260,179,0.6884615384615385
8,260,227,0.8730769230769231
9,260,205,0.7884615384615384
