label,total,correct,accuracy
0,260,225,0.8653846153846154
1,260,188,0.7230769230769231
2,260,211,0.8115384615384615
3,260,123,0.47307692307692306
4,260,177,0.6807692307692308
5,260,93,0.3576923076923077
6,260,91,0.35
7,260,180,0.6923076923076923
8,260,187,0.7192307692307692
9,260,146,0.5615384615384615
