epoch,lr,alpha,train_loss,mixed_loss,gold_stability_loss,train_accuracy,mean_r_prob,mean_r_sim,mean_gold_consistency,mean_control,val_loss,val_accuracy,test_loss,test_accuracy
1,0.001,2.0,0.9334944767477624,0.8373306517112407,1.9232765495019255,0.3038519072550486,0.14392672373273074,0.8423497107997258,0.28361132578254195,0.3457529778434166,2.2039548212022924,0.40298507462686567,2.4226393711297485,0.3879047037263286
2,0.001,2.0,0.7143280356342255,0.6334915412123201,1.6167298979784182,0.42296185489902766,0.1439267235544072,0.8423497122263142,0.2836113272091303,0.3457529771301224,1.9321537996405986,0.4701492537313433,2.1189174065155885,0.4508246792913867
3,0.001,2.0,0.61733907492373,0.5449049625721277,1.4486821985280416,0.48485415108451757,0.14392672301943657,0.8423497093731375,0.28361132542589484,0.3457529771301224,1.9825481016244462,0.4626865671641791,2.166351694265516,0.4367745876603543
4,0.001,2.0,0.5476670309332832,0.48129795109414303,1.3273815168938534,0.5274869109947644,0.14392672248446595,0.8423497093731375,0.2836113239993065,0.3457529785567107,1.7623919141826345,0.5373134328358209,1.9199335827067194,0.4960293219303604
5,0.001,2.0,0.48638268433672865,0.4257349057614848,1.2129555641936114,0.5787210172026926,0.14392672248446595,0.8423497065199608,0.28361132471260064,0.3457529771301224,1.8384286236407152,0.5223880597014925,1.8267750093393669,0.5210751374465485
6,0.001,2.0,0.44911829350417287,0.39273066338355095,1.1277525610413761,0.6015332834704562,0.14392672248446595,0.8423497093731375,0.28361132827907154,0.3457529778434166,1.9016079742517045,0.5223880597014925,1.855041645690298,0.5155772755039707
7,0.001,2.0,0.4192160250272159,0.3665839373262943,1.0526417432298567,0.6224756918474196,0.14392672408937784,0.8423497150794909,0.28361132578254195,0.3457529735636515,1.7759923169861977,0.5447761194029851,1.7695098780391416,0.5326817348808797
