epoch,lr,alpha,train_loss,mixed_loss,gold_stability_loss,train_accuracy,mean_r_prob,mean_r_sim,mean_gold_consistency,mean_control,val_loss,val_accuracy,test_loss,test_accuracy
1,0.001,2.0,1.3208968977351765,1.1599479981831142,1.0729926622830905,0.3929945054945055,0.2391985657450917,0.8740874646784185,0.6201319306761354,0.6503393215137524,1.0640076198885517,0.6709677419354839,1.2684638980718759,0.555
2,0.001,2.0,1.1886485820288186,1.0510395639545316,0.9173933946169339,0.45837912087912086,0.23919856469709794,0.8740874615344373,0.6201319296281417,0.6503393236097399,1.0458349466323853,0.6451612903225806,1.261007438806387,0.5484615384615384
3,0.001,2.0,1.1344879103230907,1.0085581793889895,0.8395315115268414,0.4831043956043956,0.239198566531087,0.874087458390456,0.6201319285801479,0.6503393225617461,0.924708592507147,0.6967741935483871,1.1532434195738572,0.5892307692307692
4,0.001,2.0,1.0971093565553098,0.9802628787009271,0.7789765006893283,0.5020604395604396,0.23919856705508388,0.8740874636304248,0.6201319285801479,0.6503393225617461,0.8302915742320399,0.7483870967741936,1.0603457142756536,0.6380769230769231
5,0.001,2.0,1.0589889704526125,0.9473218966316391,0.7444471436542469,0.5104395604395604,0.2391985691510714,0.8740874604864435,0.6201319306761354,0.6503393246577336,0.803611804592994,0.7580645161290323,1.0644191910670353,0.6261538461538462
6,0.001,2.0,1.0128046766742245,0.9114110608677287,0.6759573876202761,0.5402472527472527,0.2391985657450917,0.8740874573424622,0.6201319306761354,0.6503393236097399,0.8142772224641616,0.7516129032258064,1.042139449119568,0.6534615384615384
7,0.001,2.0,0.9781893798283168,0.8798630320108853,0.6555089467174404,0.5490384615384616,0.239198566531087,0.8740874636304248,0.6201319264841604,0.6503393194177649,0.8222579417690155,0.7548387096774194,1.0958171147566576,0.6161538461538462
8,0.001,2.0,0.9587636337175474,0.8647607652695625,0.6266857798282917,0.5575549450549451,0.23919856836507608,0.874087466774406,0.6201319233401791,0.6503393194177649,0.904442834854126,0.6741935483870968,1.1706149669793935,0.5846153846153846
