label,total,correct,accuracy
0,260,203,0.7807692307692308
1,260,123,0.47307692307692306
2,260,208,0.8
3,260,171,0.6576923076923077
4,260,131,0.5038461538461538
5,260,91,0.35
6,260,167,0.6423076923076924
7,260,137,0.5269230769230769
8,260,190,0.7307692307692307
9,260,207,0.7961538461538461
