epoch,lr,alpha,train_loss,mixed_loss,gold_stability_loss,train_accuracy,mean_r_prob,mean_r_sim,mean_gold_consistency,mean_control,val_loss,val_accuracy,test_loss,test_accuracy
1,0.001,2.0,0.5469271923814502,0.473543783727583,0.7338341064505525,0.5587912087912088,0.4697048726972643,0.8672179012508183,0.5293318423596057,0.555736025087126,0.8357063101183984,0.7129032258064516,1.0916487857011647,0.6188461538461538
2,0.001,2.0,0.43261061991964067,0.3715712961259779,0.610393230338673,0.6276098901098901,0.4697048742692549,0.867217898106837,0.5293318470755776,0.5557360282311072,0.7178469400252065,0.7677419354838709,0.935011114340562,0.6738461538461539
3,0.001,2.0,0.38768854134685393,0.3324037994002248,0.5528474061043708,0.6631868131868132,0.46970487164927055,0.867217902298812,0.5293318439315964,0.555736029279101,0.9699168505207185,0.7129032258064516,1.3040564166582547,0.5915384615384616
4,0.001,2.0,0.36563041694871673,0.3126205815063728,0.5300983259966086,0.6777472527472528,0.4697048700772799,0.8672179043947995,0.5293318418356089,0.5557360271831135,0.7167094834389225,0.7354838709677419,0.9228520934398358,0.6784615384615384
5,0.001,2.0,0.3322972032395038,0.28439949167953743,0.47897711402767307,0.7098901098901099,0.46970487374525804,0.8672179012508183,0.5293318407876151,0.5557360313750885,0.6870972564143519,0.7709677419354839,0.8981729180996234,0.6934615384615385
6,0.001,2.0,0.31609979009890293,0.2687174710598621,0.4738231903904087,0.7214285714285714,0.4697048747932518,0.867217898106837,0.5293318365956401,0.5557360245631291,0.5996380917487606,0.7838709677419354,0.8477843104876005,0.7123076923076923
7,0.001,2.0,0.2879017297383193,0.24595131232188297,0.4195041712823805,0.7443681318681319,0.469704869553283,0.8672178949628557,0.5293318486475682,0.5557360256111229,0.625198019319965,0.7838709677419354,0.9051176817600544,0.7011538461538461
8,0.001,2.0,0.27222332934756854,0.2305426225557432,0.41680705494933074,0.7552197802197802,0.469704869553283,0.867217902298812,0.5293318449795901,0.5557360229911384,0.6521692587483314,0.7645161290322581,0.9618257335516123,0.6723076923076923
9,0.001,2.0,0.24108865234878038,0.2039563327045231,0.371323190678607,0.7769230769230769,0.4697048721732674,0.8672178991548307,0.5293318486475682,0.5557360345190698,0.6369892724098698,0.7838709677419354,0.8526987029955937,0.7211538461538461
