label,total,correct,accuracy
0,260,209,0.8038461538461539
1,260,217,0.8346153846153846
2,260,217,0.8346153846153846
3,260,171,0.6576923076923077
4,260,178,0.6846153846153846
5,260,113,0.4346153846153846
6,260,187,0.7192307692307692
7,260,166,0.6384615384615384
8,260,225,0.8653846153846154
9,260,192,0.7384615384615385
