epoch,lr,alpha,train_loss,mixed_loss,gold_stability_loss,train_accuracy,mean_r_prob,mean_r_sim,mean_gold_consistency,mean_control,val_loss,val_accuracy,test_loss,test_accuracy
1,0.001,2.0,2.606869123903958,2.3998903330351404,2.0697879173368685,0.2943156320119671,0.1471126502186127,0.8485343179866817,0.8485343179866817,0.8284805700149479,2.5041678663509996,0.3283582089552239,2.5465595513928134,0.3506414172266341
2,0.001,2.0,2.055408712367826,1.8760672530400369,1.7934146719185737,0.4143605086013463,0.14711264754375952,0.8485343108537399,0.8485343108537399,0.8284805600288294,2.0331380349486623,0.47761194029850745,2.113823947341397,0.44777031154551006
3,0.001,2.0,1.7901911028481814,1.6287342621126368,1.6145683480628676,0.46970830216903514,0.14711265039693622,0.8485343179866817,0.8485343179866817,0.8284805571756527,2.242146874541667,0.43283582089552236,2.28273943370628,0.4129505192425168
4,0.001,2.0,1.6093041976174045,1.4554456647153924,1.5385852012513017,0.5162677636499626,0.14711264879202432,0.8485343080005632,0.8485343080005632,0.8284805614554178,1.8235067253682151,0.5149253731343284,2.0192555486245642,0.48014660965180206
5,0.001,2.0,1.4439621352400456,1.301775182728992,1.4218695634500964,0.5637621540762902,0.14711264700878887,0.8485343122803283,0.8485343122803283,0.8284805600288294,2.1622063579844006,0.47761194029850745,2.101829571336526,0.468540012217471
6,0.001,2.0,1.3348565358409439,1.2005148053882544,1.3434172826822606,0.5886312640239342,0.14711264807873015,0.8485343208398584,0.8485343208398584,0.8284805643085945,1.8273039931681618,0.5298507462686567,1.8966111956242753,0.5216860109957239
7,0.001,2.0,1.241710347119961,1.1144180098129193,1.272923347748476,0.6151832460732984,0.1471126479004066,0.84853431941327,0.84853431941327,0.8284805571756527,2.229980039952406,0.4925373134328358,2.2035303218523468,0.45876603543066585
