label,total,correct,accuracy
0,260,225,0.8653846153846154
1,260,192,0.7384615384615385
2,260,199,0.7653846153846153
3,260,137,0.5269230769230769
4,260,143,0.55
5,260,138,0.5307692307692308
6,260,203,0.7807692307692308
7,260,183,0.7038461538461539
8,260,226,0.8692307692307693
9,260,196,0.7538461538461538
