label,total,correct,accuracy
0,260,176,0.676923076923077
1,260,136,0.5230769230769231
2,260,221,0.85
3,260,202,0.7769230769230769
4,260,110,0.4230769230769231
5,260,140,0.5384615384615384
6,260,133,0.5115384615384615
7,260,130,0.5
8,260,206,0.7923076923076923
9,260,220,0.8461538461538461
