label,total,correct,accuracy
0,260,227,0.8730769230769231
1,260,202,0.7769230769230769
2,260,206,0.7923076923076923
3,260,139,0.5346153846153846
4,260,182,0.7
5,260,130,0.5
6,260,189,0.7269230769230769
7,260,157,0.6038461538461538
8,260,212,0.8153846153846154
9,260,214,0.823076923076923
