epoch,lr,alpha,train_loss,mixed_loss,gold_stability_loss,train_accuracy,mean_r_prob,mean_r_sim,mean_gold_consistency,mean_control,val_loss,val_accuracy,test_loss,test_accuracy
1,0.001,2.0,0.8385736346244812,0.7610686237995441,0.7750501496451242,0.47458791208791207,0.30975317509619743,0.7722091349926624,0.5409811606773963,0.5776707492031894,0.9524630919579536,0.6387096774193548,1.3028180368130025,0.5438461538461539
2,0.001,2.0,0.7234776764125614,0.6559012326565418,0.6757643945924529,0.532554945054945,0.3097531740482037,0.7722091318486811,0.5409811470534776,0.5776707492031894,0.8915473311178146,0.667741935483871,1.1784777619288518,0.5819230769230769
3,0.001,2.0,0.6806424042680761,0.6157480233318203,0.6489438059565785,0.5675824175824176,0.30975317588219275,0.7722091339446686,0.5409811522934463,0.5776707481551956,0.9824815611685476,0.6483870967741936,1.310207951619075,0.5711538461538461
4,0.001,2.0,0.6346058990929153,0.573905398950472,0.6070050436061817,0.5934065934065934,0.30975317588219275,0.7722091339446686,0.5409811591054057,0.5776707497271862,1.123145765642966,0.6129032258064516,1.4919273002331073,0.5565384615384615
5,0.001,2.0,0.6028305374659024,0.543547082733322,0.5928345338328854,0.6151098901098901,0.3097531798121693,0.7722091318486811,0.5409811496734619,0.5776707523471707,0.7302581679436468,0.7645161290322581,1.0932749407108013,0.6353846153846154
6,0.001,2.0,0.5610751364257309,0.5065917719851484,0.5448336145380042,0.6428571428571429,0.3097531787641756,0.7722091297526936,0.5409811591054057,0.5776707476311987,0.8219417441275811,0.7032258064516129,1.100386773439554,0.6338461538461538
7,0.001,2.0,0.54239378289862,0.490181289269374,0.5221248948967064,0.6428571428571429,0.3097531774541834,0.7722091328966748,0.5409811475774744,0.5776707502511832,0.7880530911107217,0.7548387096774194,1.0990744770490206,0.6442307692307693
8,0.001,2.0,0.513634557383401,0.4632470799016429,0.5038747573946859,0.6697802197802197,0.30975317850217715,0.7722091287046998,0.5409811564854213,0.5776707439632206,0.8055326104164123,0.7258064516129032,1.1242995054905232,0.6446153846153846
