label,total,correct,accuracy
0,260,225,0.8653846153846154
1,260,156,0.6
2,260,228,0.8769230769230769
3,260,117,0.45
4,260,169,0.65
5,260,105,0.40384615384615385
6,260,220,0.8461538461538461
7,260,103,0.39615384615384613
8,260,183,0.7038461538461539
9,260,170,0.6538461538461539
