epoch,lr,alpha,train_loss,mixed_loss,gold_stability_loss,train_accuracy,mean_r_prob,mean_r_sim,mean_gold_consistency,mean_control,val_loss,val_accuracy,test_loss,test_accuracy
1,0.001,2.0,0.9135551972703619,0.7636290294783455,0.9995077725295182,0.3881868131868132,0.2391985657450917,0.874087462582431,0.4296652437566401,0.4670434569264506,1.0192277100778395,0.6483870967741936,1.2940192119891827,0.5288461538461539
2,0.001,2.0,0.7979485067692432,0.675989452954177,0.8130603140527075,0.45096153846153847,0.23919856469709794,0.8740874615344373,0.4296652432326432,0.467043459546435,0.9755211707084409,0.667741935483871,1.2533155239545382,0.5411538461538462
3,0.001,2.0,0.7548850904454242,0.6450846920956622,0.732002626146589,0.48104395604395606,0.239198566531087,0.8740874604864435,0.42966524480463386,0.4670434600704319,0.8361974931532337,0.7322580645161291,1.0510617380875809,0.6276923076923077
4,0.001,2.0,0.7217566262234698,0.6218670808351957,0.6659302614547394,0.49684065934065935,0.23919856705508388,0.8740874636304248,0.42966524480463386,0.4670434569264506,0.7926621248645167,0.7709677419354839,1.025634410748115,0.6280769230769231
5,0.001,2.0,0.6951283936972147,0.6004605764871115,0.6311187288263342,0.5071428571428571,0.2391985691510714,0.8740874562944685,0.4296652432326432,0.46704345535446,0.7680076149202162,0.7612903225806451,1.003441158074599,0.6426923076923077
6,0.001,2.0,0.6645692225340959,0.5787451788619324,0.5721602763448442,0.5281593406593407,0.2391985657450917,0.8740874552464747,0.42966524218464947,0.46704345640245376,0.7959339014945491,0.7419354838709677,1.0128186878791223,0.6392307692307693
7,0.001,2.0,0.6393354338604015,0.5575848994674263,0.5450035658511486,0.546565934065934,0.239198566531087,0.874087462582431,0.4296652453286307,0.4670434569264506,0.7706462106397075,0.7806451612903226,1.0576965069770814,0.6303846153846154
8,0.001,2.0,0.6191403721715067,0.5437882258341863,0.5023476178829487,0.5572802197802198,0.23919856836507608,0.8740874678223998,0.4296652474246182,0.4670434621664194,0.7946157678481072,0.7193548387096774,1.0658775681715744,0.6161538461538462
