label,total,correct,accuracy
0,260,230,0.8846153846153846
1,260,135,0.5192307692307693
2,260,216,0.8307692307692308
3,260,141,0.5423076923076923
4,260,148,0.5692307692307692
5,260,69,0.2653846153846154
6,260,189,0.7269230769230769
7,260,162,0.6230769230769231
8,260,186,0.7153846153846154
9,260,195,0.75
