epoch,lr,alpha,train_loss,mixed_loss,gold_stability_loss,train_accuracy,mean_r_prob,mean_r_sim,mean_gold_consistency,mean_control,val_loss,val_accuracy,test_loss,test_accuracy
1,0.001,2.0,1.3093892115662147,1.0285381598533225,1.8723402932765507,0.22830964846671653,0.11813715169388765,0.8285581436100163,0.26022135114705464,0.3258357443912937,2.4340899310894866,0.3805970149253731,2.6097388416073564,0.37263286499694565
2,0.001,2.0,1.100215080699193,0.8818145353310841,1.4560035460906504,0.3158189977561705,0.11813715169388765,0.8285581364770745,0.2602213536435843,0.3258357436779995,2.1608333160628135,0.4626865671641791,2.3362186846386463,0.4098961514966402
3,0.001,2.0,0.9985095705661474,0.8178660092553544,1.2042903886772218,0.3636873597606582,0.11813715276382891,0.8285581350504861,0.2602213536435843,0.3258357479577646,1.9893912343836542,0.4552238805970149,2.206570189539514,0.4422724496029322
4,0.001,2.0,0.9194143740383653,0.7666230735800208,1.0186086112916157,0.3943530291697831,0.11813715062394638,0.8285581436100163,0.26022135150370174,0.3258357447479408,1.8818624055207664,0.5447761194029851,2.0754301575676437,0.47281612706169823
5,0.001,2.0,0.8509595718237564,0.7215762634997771,0.8625553274832293,0.42333582647718776,0.11813715115891701,0.8285581379036628,0.2602213561401139,0.32583574510458785,2.137578273887065,0.4626865671641791,2.2037144349563684,0.4544899205864386
6,0.001,2.0,0.8028050569696219,0.6875585592675761,0.7683099517647508,0.4465220643231114,0.11813715187221119,0.8285581393302512,0.26022135400023133,0.3258357443912937,2.064815224106632,0.48507462686567165,2.1518644979980275,0.4703726328649969
7,0.001,2.0,0.7635930543438035,0.6586272897074805,0.6997717070597361,0.46409872849663425,0.11813715294215246,0.8285581393302512,0.260221352573643,0.3258357436779995,1.9306239352297427,0.5223880597014925,2.030988049492577,0.48930971288943187
