label,total,correct,accuracy
0,260,219,0.8423076923076923
1,260,194,0.7461538461538462
2,260,237,0.9115384615384615
3,260,162,0.6230769230769231
4,260,207,0.7961538461538461
5,260,149,0.573076923076923
6,260,188,0.7230769230769231
7,260,181,0.6961538461538461
8,260,233,0.8961538461538462
9,260,180,0.6923076923076923
