label,total,correct,accuracy
0,260,215,0.8269230769230769
1,260,188,0.7230769230769231
2,260,224,0.8615384615384616
3,260,182,0.7
4,260,171,0.6576923076923077
5,260,184,0.7076923076923077
6,260,163,0.6269230769230769
7,260,173,0.6653846153846154
8,260,217,0.8346153846153846
9,260,191,0.7346153846153847
