label,total,correct,accuracy
0,260,206,0.7923076923076923
1,260,135,0.5192307692307693
2,260,212,0.8153846153846154
3,260,167,0.6423076923076924
4,260,170,0.6538461538461539
5,260,129,0.49615384615384617
6,260,182,0.7
7,260,167,0.6423076923076924
8,260,206,0.7923076923076923
9,260,219,0.8423076923076923
