label,total,correct,accuracy
0,260,217,0.8346153846153846
1,260,169,0.65
2,260,203,0.7807692307692308
3,260,190,0.7307692307692307
4,260,193,0.7423076923076923
5,260,130,0.5
6,260,169,0.65
7,260,150,0.5769230769230769
8,260,231,0.8884615384615384
9,260,181,0.6961538461538461
