label,total,correct,accuracy
0,260,214,0.823076923076923
1,260,169,0.65
2,260,235,0.9038461538461539
3,260,132,0.5076923076923077
4,260,186,0.7153846153846154
5,260,141,0.5423076923076923
6,260,183,0.7038461538461539
7,260,161,0.6192307692307693
8,260,219,0.8423076923076923
9,260,162,0.6230769230769231
