label,total,correct,accuracy
0,260,204,0.7846153846153846
1,260,150,0.5769230769230769
2,260,241,0.926923076923077
3,260,164,0.6307692307692307
4,260,146,0.5615384615384615
5,260,150,0.5769230769230769
6,260,189,0.7269230769230769
7,260,182,0.7
8,260,189,0.7269230769230769
9,260,164,0.6307692307692307
