label,total,correct,accuracy
0,260,221,0.85
1,260,149,0.573076923076923
2,260,216,0.8307692307692308
3,260,171,0.6576923076923077
4,260,169,0.65
5,260,154,0.5923076923076923
6,260,176,0.676923076923077
7,260,151,0.5807692307692308
8,260,219,0.8423076923076923
9,260,182,0.7
