epoch,lr,alpha,train_loss,mixed_loss,gold_stability_loss,train_accuracy,mean_r_prob,mean_r_sim,mean_gold_consistency,mean_control,val_loss,val_accuracy,test_loss,test_accuracy
1,0.001,2.0,1.0364351497901665,1.0364351497901665,0.9806281755258749,0.43873626373626373,0.4483643982436631,0.8679636934301356,0.658164051600865,0.6688951303670695,0.9386045013704608,0.6967741935483871,1.1161511472555308,0.6365384615384615
2,0.001,2.0,0.9273952321691827,0.9273952321691827,0.9034855711591113,0.4932692307692308,0.4483643956236787,0.8679636997180981,0.6581640474088899,0.6688951345590445,0.9746914909731957,0.6838709677419355,1.1329087356420664,0.6173076923076923
3,0.001,2.0,0.8868393917660137,0.8868393917660137,0.8614565906943855,0.5177197802197803,0.44836439405168804,0.8679636965741168,0.6581640495048775,0.668895128271082,0.9059195706921239,0.7032258064516129,1.0591687099750224,0.635
4,0.001,2.0,0.8399935284813682,0.8399935284813682,0.8247379258438781,0.5478021978021979,0.44836439719566934,0.8679636965741168,0.6581640463608962,0.6688951209351257,0.9250882341015724,0.6967741935483871,1.1601935049203727,0.6057692307692307
5,0.001,2.0,0.8212439537048339,0.8212439537048339,0.8442157113945091,0.5572802197802198,0.4483643930036943,0.8679636944781293,0.6581640505528712,0.668895128271082,0.8912796862663761,0.7161290322580646,1.097941622367272,0.6230769230769231
6,0.001,2.0,0.7920154333114624,0.7920154333114624,0.8118109162037189,0.5704670329670329,0.44836439719566934,0.8679636965741168,0.6581640463608962,0.6688951345590445,0.7605713678944496,0.7967741935483871,0.9657705424382137,0.683076923076923
7,0.001,2.0,0.7652044677472376,0.7652044677472376,0.8158065701578999,0.5809065934065935,0.4483643961476756,0.867963703910073,0.6581640463608962,0.6688951230311132,0.8651009267376315,0.7419354838709677,1.04070561005519,0.6530769230769231
8,0.001,2.0,0.747090787939973,0.747090787939973,0.801268803680336,0.5934065934065934,0.4483643950996818,0.8679636902861543,0.6581640536968525,0.6688951387510195,0.7761130106064581,0.7580645161290323,0.9473829185045682,0.681923076923077
9,0.001,2.0,0.7122460141286745,0.7122460141286745,0.7796037752549727,0.6100274725274726,0.44836439719566934,0.8679636976221106,0.6581640463608962,0.6688951345590445,0.8214359064255992,0.7322580645161291,0.9837223085990319,0.6696153846153846
