epoch,lr,alpha,train_loss,mixed_loss,gold_stability_loss,train_accuracy,mean_r_prob,mean_r_sim,mean_gold_consistency,mean_control,val_loss,val_accuracy,test_loss,test_accuracy
1,0.001,2.0,0.47000648615124463,0.47000648615124463,1.0644735527562572,0.44024725274725274,0.29049443858010426,0.7827677957304231,0.3397217666709816,0.39859278333056103,1.1940897818534606,0.6,1.429908920801603,0.5053846153846154
2,0.001,2.0,0.407271432025092,0.407271432025092,1.02297419322716,0.4894230769230769,0.2904944359601199,0.7827677957304231,0.3397217671949785,0.39859278333056103,1.1851300801000288,0.6,1.4239843460229726,0.5038461538461538
3,0.001,2.0,0.3785686338995839,0.3785686338995839,1.021438954950689,0.5269230769230769,0.29049443700811367,0.7827677904904544,0.33972176562298784,0.3985927843785548,1.336546178017893,0.5451612903225806,1.5412612760983981,0.49653846153846154
4,0.001,2.0,0.3522135717528207,0.3522135717528207,0.985023512683072,0.5528846153846154,0.290494435436123,0.7827677946824294,0.3397217666709816,0.39859278385455793,1.2553225063508557,0.567741935483871,1.503700980406541,0.49923076923076926
5,0.001,2.0,0.33539547907127126,0.33539547907127126,0.9782016337572873,0.5744505494505494,0.29049443622211835,0.7827677936344356,0.33972177086295663,0.3985927828065642,1.2402677305283085,0.6064516129032258,1.4499520602593055,0.5276923076923077
