label,total,correct,accuracy
0,260,222,0.8538461538461538
1,260,173,0.6653846153846154
2,260,196,0.7538461538461538
3,260,35,0.1346153846153846
4,260,65,0.25
5,260,105,0.40384615384615385
6,260,187,0.7192307692307692
7,260,124,0.47692307692307695
8,260,126,0.4846153846153846
9,260,139,0.5346153846153846
