label,total,correct,accuracy
0,260,210,0.8076923076923077
1,260,155,0.5961538461538461
2,260,177,0.6807692307692308
3,260,93,0.3576923076923077
4,260,137,0.5269230769230769
5,260,64,0.24615384615384617
6,260,233,0.8961538461538462
7,260,123,0.47307692307692306
8,260,177,0.6807692307692308
9,260,205,0.7884615384615384
