label,total,correct,accuracy
0,260,228,0.8769230769230769
1,260,217,0.8346153846153846
2,260,226,0.8692307692307693
3,260,140,0.5384615384615384
4,260,176,0.676923076923077
5,260,140,0.5384615384615384
6,260,186,0.7153846153846154
7,260,169,0.65
8,260,210,0.8076923076923077
9,260,180,0.6923076923076923
