epoch,lr,alpha,train_loss,mixed_loss,gold_stability_loss,train_accuracy,mean_r_prob,mean_r_sim,mean_gold_consistency,mean_control,val_loss,val_accuracy,test_loss,test_accuracy
1,0.001,2.0,0.47750385383983235,0.3509597619156261,0.8436272524215362,0.4792582417582418,0.28303253703064973,0.8786673545837402,0.28303253703064973,0.35971083745851623,0.9566139059682046,0.6645161290322581,1.3065994963279137,0.5492307692307692
2,0.001,2.0,0.37076039412519435,0.27404536637631094,0.6447668156781039,0.5476648351648352,0.2830325357206575,0.8786673566797277,0.2830325357206575,0.3597108395545037,0.9625832734569426,0.6935483870967742,1.277714849618765,0.5626923076923077
3,0.001,2.0,0.3240028319123027,0.24291034452207796,0.5406165553973271,0.5853021978021978,0.28303253441066534,0.878667355631734,0.28303253441066534,0.35971083745851623,0.7998596206788093,0.7419354838709677,1.0467652133794931,0.6426923076923077
4,0.001,2.0,0.2987180544779851,0.22563192739591495,0.4872408363190326,0.6043956043956044,0.2830325349346622,0.878667359823709,0.2830325349346622,0.3597108390305068,0.7458829176041388,0.7645161290322581,1.0168537594721867,0.6373076923076924
5,0.001,2.0,0.2661954846028443,0.20283001373102377,0.422436448440447,0.6417582417582418,0.28303253519666066,0.8786673524877527,0.28303253519666066,0.3597108421744881,0.826491565089072,0.7419354838709677,1.0605220343516424,0.63
6,0.001,2.0,0.2496185669204691,0.19327357974681225,0.3756332352921203,0.6563186813186813,0.28303253362467,0.8786673493437714,0.28303253362467,0.3597108390305068,0.7746011510972054,0.7322580645161291,1.0706721188471868,0.6369230769230769
7,0.001,2.0,0.22540916954423046,0.17462849066807673,0.338537842297292,0.682967032967033,0.28303253388666844,0.8786673514397589,0.28303253388666844,0.35971083483853183,0.8533462566714133,0.7451612903225806,1.1488104746891903,0.6353846153846154
