label,total,correct,accuracy
0,260,186,0.7153846153846154
1,260,168,0.6461538461538462
2,260,228,0.8769230769230769
3,260,160,0.6153846153846154
4,260,150,0.5769230769230769
5,260,112,0.4307692307692308
6,260,157,0.6038461538461538
7,260,141,0.5423076923076923
8,260,206,0.7923076923076923
9,260,163,0.6269230769230769
