epoch,lr,alpha,train_loss,mixed_loss,gold_stability_loss,train_accuracy,mean_r_prob,mean_r_sim,mean_gold_consistency,mean_control,val_loss,val_accuracy,test_loss,test_accuracy
1,0.001,2.0,1.7019222055162702,1.4849474474623963,0.8678990171505855,0.3700549450549451,0.2635594857918037,0.7667364403441712,0.7667364403441712,0.7789928530598734,0.8770651798094472,0.7225806451612903,1.2024163550596971,0.5765384615384616
2,0.001,2.0,1.5535956084073246,1.3738282350393443,0.7190694956989079,0.4156593406593407,0.2635594852678068,0.7667364372001899,0.7667364372001899,0.7789928509638859,0.958357238000439,0.6709677419354839,1.3057446670532227,0.5611538461538461
3,0.001,2.0,1.4825750240912805,1.3195298674342397,0.6521806157552279,0.44065934065934065,0.26355948657779904,0.7667364351042024,0.7667364351042024,0.7789928446759234,0.947360606347361,0.6612903225806451,1.228553841664241,0.6007692307692307
4,0.001,2.0,1.4292443993327382,1.2812969026984748,0.5917899654461787,0.46483516483516485,0.26355948395781464,0.7667364372001899,0.7667364372001899,0.7789928572518485,0.9654962897300721,0.6741935483870968,1.35305451466487,0.5796153846153846
