label,total,correct,accuracy
0,260,222,0.8538461538461538
1,260,164,0.6307692307692307
2,260,212,0.8153846153846154
3,260,60,0.23076923076923078
4,260,136,0.5230769230769231
5,260,99,0.38076923076923075
6,260,225,0.8653846153846154
7,260,89,0.3423076923076923
8,260,187,0.7192307692307692
9,260,168,0.6461538461538462
