epoch,lr,alpha,train_loss,mixed_loss,gold_stability_loss,train_accuracy,mean_r_prob,mean_r_sim,mean_gold_consistency,mean_control,val_loss,val_accuracy,test_loss,test_accuracy
1,0.001,2.0,0.6443191014803373,0.554331580885164,0.8998752189206553,0.35302197802197804,0.24805157420399424,0.7761975372230614,0.3008661684099134,0.36633282284160235,0.9993054266898863,0.635483870967742,1.2696989605976985,0.5692307692307692
2,0.001,2.0,0.5731945946976379,0.4981040826865605,0.750905163209517,0.40453296703296704,0.24805157367999736,0.7761975340790801,0.30086616474193534,0.3663328217936086,0.8392209910577343,0.6935483870967742,1.1268345660429735,0.6019230769230769
3,0.001,2.0,0.5422577894650973,0.47455990327583564,0.6769788777435218,0.42335164835164835,0.2480515760379833,0.7761975319830926,0.3008661678859166,0.36633282336559925,1.1005339922443513,0.5935483870967742,1.411334374501155,0.558076923076923
4,0.001,2.0,0.5224460741320809,0.4591920784541539,0.6325399693551954,0.44793956043956046,0.24805157551398643,0.7761975382710551,0.30086616474193534,0.36633282074561485,0.8147552659434657,0.7193548387096774,1.117242064842811,0.6296153846153846
5,0.001,2.0,0.5012152999312013,0.44433197857259393,0.5688331905302111,0.4649725274725275,0.24805157263200361,0.7761975351270739,0.30086616447993686,0.3663328217936086,1.0259710942545244,0.6483870967741936,1.3883793192643386,0.5769230769230769
6,0.001,2.0,0.48783539127517533,0.43257518528581973,0.5526020623825408,0.47568681318681316,0.2480515760379833,0.7761975309350988,0.3008661673619197,0.36633282074561485,0.8319322143831561,0.7193548387096774,1.1603000391446627,0.6180769230769231
7,0.001,2.0,0.4727136342080085,0.42136286470916245,0.5135077070403885,0.48887362637362636,0.24805157289400206,0.7761975319830926,0.30086616631392593,0.36633281864962736,0.9848335066149312,0.667741935483871,1.3644485737727239,0.5769230769230769
