label,total,correct,accuracy
0,260,226,0.8692307692307693
1,260,186,0.7153846153846154
2,260,212,0.8153846153846154
3,260,138,0.5307692307692308
4,260,186,0.7153846153846154
5,260,130,0.5
6,260,202,0.7769230769230769
7,260,194,0.7461538461538462
8,260,219,0.8423076923076923
9,260,204,0.7846153846153846
