epoch,lr,alpha,train_loss,mixed_loss,gold_stability_loss,train_accuracy,mean_r_prob,mean_r_sim,mean_gold_consistency,mean_control,val_loss,val_accuracy,test_loss,test_accuracy
1,0.001,2.0,1.2305675153867826,1.0321088732403432,1.984586398995627,0.22045624532535527,0.11813715169388765,0.8285581436100163,0.26022135114705464,0.3258357443912937,2.5087922758130885,0.3880597014925373,2.6277265033127697,0.36408063530849116
2,0.001,2.0,1.0453684757071462,0.8825115817825386,1.6285688153112121,0.31675392670157065,0.11813715169388765,0.8285581379036628,0.2602213536435843,0.3258357436779995,2.1704162661709003,0.4253731343283582,2.329711130354269,0.41172877214416614
3,0.001,2.0,0.9560526265702144,0.8164382134700053,1.3961440853512634,0.36032161555721764,0.11813715276382891,0.8285581350504861,0.2602213536435843,0.3258357479577646,2.0730184031956234,0.44776119402985076,2.2475321176362315,0.4422724496029322
4,0.001,2.0,0.8903213376506728,0.7662663157965233,1.2405502264768933,0.39416604338070305,0.11813715062394638,0.8285581421834279,0.26022135150370174,0.3258357447479408,1.9549840955591913,0.5,2.1010794770666648,0.4636530238240684
5,0.001,2.0,0.8282580834408705,0.7177792618144513,1.10478821260856,0.4300673148840688,0.11813715115891701,0.8285581379036628,0.2602213561401139,0.32583574510458785,2.1281535109477256,0.4626865671641791,2.1974661437636405,0.45326817348808796
6,0.001,2.0,0.7796122841007601,0.6811641474312246,0.9844813640205023,0.44988780852655197,0.11813715187221119,0.8285581393302512,0.26022135400023133,0.32583574510458785,2.0568669714144807,0.4626865671641791,2.1400883976977703,0.4740378741600489
7,0.001,2.0,0.7434724141344172,0.651395105165426,0.920773102350884,0.46391174270755425,0.11813715294215246,0.8285581379036628,0.2602213529302901,0.3258357436779995,2.016903562332267,0.47761194029850745,2.0901134608355543,0.48503359804520463
