label,total,correct,accuracy
0,260,194,0.7461538461538462
1,260,172,0.6615384615384615
2,260,187,0.7192307692307692
3,260,108,0.4153846153846154
4,260,196,0.7538461538461538
5,260,100,0.38461538461538464
6,260,193,0.7423076923076923
7,260,95,0.36538461538461536
8,260,210,0.8076923076923077
9,260,198,0.7615384615384615
