label,total,correct,accuracy
0,260,216,0.8307692307692308
1,260,172,0.6615384615384615
2,260,209,0.8038461538461539
3,260,162,0.6230769230769231
4,260,154,0.5923076923076923
5,260,102,0.3923076923076923
6,260,166,0.6384615384615384
7,260,145,0.5576923076923077
8,260,196,0.7538461538461538
9,260,177,0.6807692307692308
