label,total,correct,accuracy
0,260,205,0.7884615384615384
1,260,142,0.5461538461538461
2,260,162,0.6230769230769231
3,260,111,0.4269230769230769
4,260,167,0.6423076923076924
5,260,103,0.39615384615384613
6,260,210,0.8076923076923077
7,260,204,0.7846153846153846
8,260,194,0.7461538461538462
9,260,217,0.8346153846153846
