label,total,correct,accuracy
0,260,150,0.5769230769230769
1,260,94,0.36153846153846153
2,260,224,0.8615384615384616
3,260,2,0.007692307692307693
4,260,0,0.0
5,260,69,0.2653846153846154
6,260,17,0.06538461538461539
7,260,48,0.18461538461538463
8,260,91,0.35
9,260,46,0.17692307692307693
