label,total,correct,accuracy
0,260,205,0.7884615384615384
1,260,77,0.29615384615384616
2,260,196,0.7538461538461538
3,260,12,0.046153846153846156
4,260,3,0.011538461538461539
5,260,23,0.08846153846153847
6,260,131,0.5038461538461538
7,260,1,0.0038461538461538464
8,260,65,0.25
9,260,97,0.3730769230769231
