label,total,correct,accuracy
0,260,216,0.8307692307692308
1,260,171,0.6576923076923077
2,260,225,0.8653846153846154
3,260,166,0.6384615384615384
4,260,145,0.5576923076923077
5,260,141,0.5423076923076923
6,260,134,0.5153846153846153
7,260,161,0.6192307692307693
8,260,204,0.7846153846153846
9,260,179,0.6884615384615385
