label,total,correct,accuracy
0,260,193,0.7423076923076923
1,260,150,0.5769230769230769
2,260,237,0.9115384615384615
3,260,167,0.6423076923076924
4,260,148,0.5692307692307692
5,260,81,0.31153846153846154
6,260,213,0.8192307692307692
7,260,177,0.6807692307692308
8,260,189,0.7269230769230769
9,260,195,0.75
