epoch,lr,alpha,train_loss,mixed_loss,gold_stability_loss,train_accuracy,mean_r_prob,mean_r_sim,mean_gold_consistency,mean_control,val_loss,val_accuracy,test_loss,test_accuracy
1,0.001,2.0,0.8488737424651345,0.7801921849722391,0.9157540426149473,0.5001373626373626,0.3177616098424891,0.8540660690475296,0.5859138488769531,0.6178389811253809,0.9964107444209437,0.6645161290322581,1.233363086260282,0.5588461538461539
2,0.001,2.0,0.6937921808316158,0.6355851236280504,0.7760940710266868,0.5840659340659341,0.31776160827049843,0.8540660774314797,0.5859138404930031,0.6178389737894247,0.8374616069178428,0.7096774193548387,1.0406047907242408,0.6242307692307693
3,0.001,2.0,0.6434233064179892,0.5893820192787673,0.7205504478989067,0.615934065934066,0.31776160827049843,0.8540660816234547,0.5859138394450093,0.6178389748374185,0.8439284832246842,0.7129032258064516,1.1268979681455171,0.6026923076923076
4,0.001,2.0,0.5877345969388773,0.5376372420525812,0.6679646471044519,0.6446428571428572,0.31776160774650153,0.8540660690475296,0.5859138446849781,0.6178389790293934,0.7860951769736505,0.7129032258064516,1.0210283481157743,0.6353846153846154
5,0.001,2.0,0.5420825189286536,0.494363447205051,0.6362542736661303,0.6760989010989011,0.3177616066985078,0.8540660784794734,0.5859138446849781,0.617838976933406,0.8062604204300912,0.7096774193548387,1.030713184430049,0.6434615384615384
6,0.001,2.0,0.532736804983118,0.4846368493614616,0.641332649398636,0.6778846153846154,0.3177616066985078,0.8540660763834859,0.5859138394450093,0.6178389800773872,0.6963689873295446,0.7354838709677419,0.9902175936332116,0.6476923076923077
7,0.001,2.0,0.4908713576557872,0.4462656061072926,0.5947433385220203,0.7054945054945055,0.3177616108904828,0.8540660826714485,0.5859138404930031,0.6178389758854121,0.8141401644675962,0.7,1.024696575311514,0.6492307692307693
8,0.001,2.0,0.46220651956704945,0.4176725671841548,0.5937860010744451,0.7215659340659341,0.3177616093184922,0.8540660763834859,0.5859138457329719,0.6178389800773872,0.702034854888916,0.7580645161290323,0.99232291331658,0.655
9,0.001,2.0,0.42534781976060554,0.3849179344517844,0.5390651695020906,0.7462912087912088,0.3177616074845031,0.8540660795274672,0.5859138431129874,0.6178389758854121,0.7399886354323356,0.7258064516129032,1.0017626102154071,0.6584615384615384
