label,total,correct,accuracy
0,260,194,0.7461538461538462
1,260,165,0.6346153846153846
2,260,231,0.8884615384615384
3,260,141,0.5423076923076923
4,260,160,0.6153846153846154
5,260,127,0.48846153846153845
6,260,152,0.5846153846153846
7,260,186,0.7153846153846154
8,260,172,0.6615384615384615
9,260,184,0.7076923076923077
