label,total,correct,accuracy
0,260,99,0.38076923076923075
1,260,100,0.38461538461538464
2,260,254,0.9769230769230769
3,260,3,0.011538461538461539
4,260,0,0.0
5,260,97,0.3730769230769231
6,260,44,0.16923076923076924
7,260,47,0.18076923076923077
8,260,35,0.1346153846153846
9,260,15,0.057692307692307696
