epoch,lr,alpha,train_loss,mixed_loss,gold_stability_loss,train_accuracy,mean_r_prob,mean_r_sim,mean_gold_consistency,mean_control,val_loss,val_accuracy,test_loss,test_accuracy
1,0.001,2.0,2.237659481005073,2.0355759365128865,2.0208354531247488,0.30553477935676887,0.14392672373273074,0.8423497093731375,0.7026651306837106,0.7290230482125692,2.2951358965973356,0.3656716417910448,2.4424792058451845,0.38179596823457546
2,0.001,2.0,1.736030946762239,1.5643347088044137,1.7169623228713657,0.42296185489902766,0.1439267235544072,0.8423497107997258,0.7026651335368873,0.7290230453593926,1.9690976996920002,0.44029850746268656,2.0442885216518953,0.4648747709224191
3,0.001,2.0,1.5042653603614402,1.3498403649768815,1.5442499846063984,0.48971578160059837,0.14392672301943657,0.8423497107997258,0.7026651235507688,0.7290230510657459,2.0419263039062274,0.417910447761194,2.090636601882077,0.4434941967012828
4,0.001,2.0,1.3368713450057343,1.1942817785887907,1.4258956397391114,0.5334704562453254,0.14392672248446595,0.8423497107997258,0.702665132110299,0.7290230510657459,1.7418975776700831,0.5298507462686567,1.8847278945680501,0.499083689676237
5,0.001,2.0,1.184419910677708,1.054815300026311,1.296046107762236,0.5873223635003739,0.14392672248446595,0.8423497065199608,0.7026651249773572,0.7290230453593926,1.797032256624592,0.5597014925373134,1.7587592034494286,0.533292608430055
6,0.001,2.0,1.0931806490772593,0.970930194890401,1.2225044662593993,0.6161181750186986,0.14392672248446595,0.8423497093731375,0.7026651264039455,0.7290230581986877,1.8428171623998613,0.5149253731343284,1.8203747303076612,0.5308491142333537
7,0.001,2.0,1.0129431265008566,0.8983950543599781,1.1454806755796332,0.6366866118175019,0.14392672408937784,0.8423497136529026,0.7026651264039455,0.7290230467859808,1.7762217824138813,0.5149253731343284,1.7543760874537921,0.5412339645693341
