label,total,correct,accuracy
0,260,219,0.8423076923076923
1,260,184,0.7076923076923077
2,260,234,0.9
3,260,172,0.6615384615384615
4,260,179,0.6884615384615385
5,260,155,0.5961538461538461
6,260,197,0.7576923076923077
7,260,143,0.55
8,260,211,0.8115384615384615
9,260,165,0.6346153846153846
