label,total,correct,accuracy
0,260,213,0.8192307692307692
1,260,174,0.6692307692307692
2,260,221,0.85
3,260,152,0.5846153846153846
4,260,175,0.6730769230769231
5,260,92,0.35384615384615387
6,260,219,0.8423076923076923
7,260,143,0.55
8,260,220,0.8461538461538461
9,260,184,0.7076923076923077
