label,total,correct,accuracy
0,260,206,0.7923076923076923
1,260,154,0.5923076923076923
2,260,201,0.7730769230769231
3,260,166,0.6384615384615384
4,260,172,0.6615384615384615
5,260,127,0.48846153846153845
6,260,223,0.8576923076923076
7,260,143,0.55
8,260,206,0.7923076923076923
9,260,222,0.8538461538461538
