label,total,correct,accuracy
0,260,214,0.823076923076923
1,260,151,0.5807692307692308
2,260,195,0.75
3,260,158,0.6076923076923076
4,260,156,0.6
5,260,138,0.5307692307692308
6,260,214,0.823076923076923
7,260,194,0.7461538461538462
8,260,230,0.8846153846153846
9,260,218,0.8384615384615385
