label,total,correct,accuracy
0,260,212,0.8153846153846154
1,260,185,0.7115384615384616
2,260,238,0.9153846153846154
3,260,147,0.5653846153846154
4,260,180,0.6923076923076923
5,260,180,0.6923076923076923
6,260,192,0.7384615384615385
7,260,135,0.5192307692307693
8,260,225,0.8653846153846154
9,260,200,0.7692307692307693
