epoch,lr,alpha,train_loss,mixed_loss,gold_stability_loss,train_accuracy,mean_r_prob,mean_r_sim,mean_gold_consistency,mean_control,val_loss,val_accuracy,test_loss,test_accuracy
1,0.001,2.0,0.6496234969778375,0.5164529295413048,0.8878037630856692,0.3568681318681319,0.25415826813205256,0.7636789866856166,0.27963430147904617,0.3516430540399237,0.9381110729709748,0.6838709677419355,1.2015158081054687,0.5876923076923077
2,0.001,2.0,0.5719263613879025,0.4662624204551781,0.7044262338470627,0.3994505494505495,0.2541582689180479,0.7636789982135479,0.27963430540902273,0.35164305351592684,1.022804718632852,0.6967741935483871,1.2926279159692617,0.5753846153846154
3,0.001,2.0,0.5312341882632329,0.43991439257349285,0.6087985900732187,0.4273351648351648,0.2541582673460573,0.7636789940215729,0.2796343022650415,0.3516430561359112,0.9776199140856343,0.6741935483870968,1.166043375822214,0.615
4,0.001,2.0,0.5068276774752271,0.4251266529271891,0.5446734655034411,0.4537087912087912,0.25415826813205256,0.7636789961175604,0.2796343025270399,0.3516430540399237,0.8943403513200822,0.7161290322580646,1.1107217777692355,0.6396153846153846
5,0.001,2.0,0.4891162871659457,0.4130012346493019,0.5074336678117186,0.4631868131868132,0.25415826813205256,0.7636789908775916,0.27963430095504926,0.3516430540399237,0.9020877730461859,0.7,1.1814387877170855,0.6284615384615385
6,0.001,2.0,0.4690369561478332,0.40182926301117783,0.44805128155173835,0.4762362637362637,0.2541582670840588,0.7636789908775916,0.279634302003043,0.35164305299192994,0.940358099245256,0.6935483870967742,1.2659286964856662,0.6084615384615385
7,0.001,2.0,0.4436349420757084,0.38407329216108216,0.3970776516002613,0.4912087912087912,0.2541582676080557,0.7636789919255854,0.27963430121704774,0.3516430540399237,0.978319029654226,0.7161290322580646,1.33033816410945,0.6215384615384615
