label,total,correct,accuracy
0,260,121,0.4653846153846154
1,260,50,0.19230769230769232
2,260,251,0.9653846153846154
3,260,1,0.0038461538461538464
4,260,0,0.0
5,260,81,0.31153846153846154
6,260,74,0.2846153846153846
7,260,78,0.3
8,260,26,0.1
9,260,19,0.07307692307692308
