label,total,correct,accuracy
0,260,226,0.8692307692307693
1,260,161,0.6192307692307693
2,260,213,0.8192307692307692
3,260,141,0.5423076923076923
4,260,173,0.6653846153846154
5,260,70,0.2692307692307692
6,260,220,0.8461538461538461
7,260,86,0.33076923076923076
8,260,192,0.7384615384615385
9,260,173,0.6653846153846154
