epoch,lr,alpha,train_loss,mixed_loss,gold_stability_loss,train_accuracy,mean_r_prob,mean_r_sim,mean_gold_consistency,mean_control,val_loss,val_accuracy,test_loss,test_accuracy
1,0.001,2.0,0.8643538491353225,0.6881378100893796,1.762160316900968,0.29712041884816753,0.1471126502186127,0.8485343165600933,0.2172548127156545,0.29527692752002155,2.345096972451281,0.3880597014925373,2.5314751862751397,0.371411117898595
2,0.001,2.0,0.6649208177625019,0.52705910474218,1.3786170735854932,0.4113687359760658,0.14711264754375952,0.8485343080005632,0.21725481378559577,0.29527692787666865,1.8927734663237388,0.48507462686567165,2.0975977215158115,0.45876603543066585
3,0.001,2.0,0.5676380321439203,0.4537515646054304,1.1388646590682938,0.47270007479431564,0.14711265039693622,0.8485343179866817,0.21725481485553705,0.29527692645008025,2.0411800573121255,0.5074626865671642,2.148596853909874,0.46426389737324375
4,0.001,2.0,0.5046501792716552,0.40647068929565244,0.9817948761321577,0.5164547494390427,0.14711264879202432,0.8485343080005632,0.21725481414224287,0.29527692680672735,1.7468025577602102,0.582089552238806,1.9420867562658115,0.49419670128283444
5,0.001,2.0,0.44262878410657486,0.35969849816880833,0.829302827992721,0.56226626776365,0.14711264700878887,0.8485343122803283,0.21725481485553705,0.2952769289466099,1.8695819626993209,0.5223880597014925,1.9598919435762092,0.5021380574221136
6,0.001,2.0,0.4114868177035538,0.3374937144606169,0.7399310042096682,0.5744203440538519,0.14711264807873015,0.84853431941327,0.21725481485553705,0.2952769228836094,1.9845422755426436,0.5223880597014925,2.0591815415139454,0.4960293219303604
7,0.001,2.0,0.3774956878255175,0.31170720907406035,0.6578847624601137,0.6120044876589379,0.1471126479004066,0.8485343179866817,0.21725481164571325,0.2952769257367861,1.8314081466020042,0.5597014925373134,1.865049208674259,0.533292608430055
