epoch,lr,alpha,train_loss,mixed_loss,gold_stability_loss,train_accuracy,mean_r_prob,mean_r_sim,mean_gold_consistency,mean_control,val_loss,val_accuracy,test_loss,test_accuracy
1,0.001,2.0,3.1341904390188144,2.9305550358414916,2.0363541266413527,0.24607329842931938,0.19891972602439087,0.8349858685581204,0.8349858685581204,0.819422490042185,2.4242871626099545,0.39552238805970147,2.662236353210654,0.37385461209529625
2,0.001,2.0,2.7133646373349336,2.5353178931602187,1.7804675350103614,0.324981301421092,0.1989197249544496,0.8349858699847088,0.8349858699847088,0.8194224914687733,2.1339927965135717,0.43283582089552236,2.315136278702416,0.4337202199144777
3,0.001,2.0,2.503765238873889,2.339141228881984,1.6462402711096502,0.38593866866118176,0.19891972584606732,0.8349858671315321,0.8349858671315321,0.8194224843358315,2.0748823222829333,0.4925373134328358,2.214923118773072,0.4453268173488088
4,0.001,2.0,2.3541081122881278,2.1968943730342185,1.572137318713146,0.41492146596858637,0.1989197249544496,0.8349858599985903,0.8349858599985903,0.8194224986017151,1.862038534079025,0.5447761194029851,2.0466178945455162,0.49786194257788635
5,0.001,2.0,2.165316587967398,2.021462005737921,1.4385458071372719,0.45661929693343306,0.19891972424115542,0.8349858642783554,0.8349858642783554,0.819422490042185,1.7611623148419964,0.582089552238806,1.9468844447400997,0.5051924251679902
6,0.001,2.0,2.057197832044774,1.9189859033968346,1.3821192896000556,0.4826103216155572,0.1989197253110967,0.8349858599985903,0.8349858599985903,0.8194224943219501,1.8878761191866291,0.5447761194029851,2.0001115549899633,0.4984728161270617
7,0.001,2.0,1.961403231881141,1.8273120470339448,1.3409118008595755,0.5093492894540015,0.1989197256677438,0.8349858585720019,0.8349858585720019,0.8194224914687733,1.8619490363704625,0.5223880597014925,1.9295404114662036,0.5015271838729383
8,0.001,2.0,1.8298963236113315,1.7018038666596051,1.2809246243517525,0.5316005983545251,0.19891972638103797,0.8349858642783554,0.8349858642783554,0.8194224886155966,1.77282596524082,0.5373134328358209,1.9036587860501242,0.5247403787416005
