epoch,lr,alpha,train_loss,mixed_loss,gold_stability_loss,train_accuracy,mean_r_prob,mean_r_sim,mean_gold_consistency,mean_control,val_loss,val_accuracy,test_loss,test_accuracy
1,0.001,2.0,3.135024713774448,2.931210850991682,2.0381386699120143,0.2462602842183994,0.19891972602439087,0.8349858685581204,0.8349858685581204,0.8194224914687733,2.4147236774216836,0.39552238805970147,2.658090168190352,0.37385461209529625
2,0.001,2.0,2.716916285081862,2.5390519830123113,1.7786431184168083,0.32348541510845175,0.1989197249544496,0.8349858699847088,0.8349858699847088,0.8194224914687733,2.114143186540746,0.4626865671641791,2.2897161729611053,0.43555284056200366
3,0.001,2.0,2.500118844974549,2.3362722899722983,1.6384654590775027,0.38649962602842186,0.19891972584606732,0.8349858699847088,0.8349858699847088,0.8194224843358315,2.0549726112565,0.4552238805970149,2.200971569021664,0.45571166768478927
4,0.001,2.0,2.3459042775247556,2.189579906442224,1.5632437158183723,0.41361256544502617,0.1989197249544496,0.8349858614251786,0.8349858614251786,0.8194224986017151,1.8500253780564266,0.5298507462686567,2.0378699835000713,0.48564447159437996
5,0.001,2.0,2.1608816220319884,2.0171476788902427,1.4373395059567025,0.4642857142857143,0.19891972424115542,0.8349858642783554,0.8349858642783554,0.819422490042185,1.756617768486934,0.5671641791044776,1.96061505321766,0.5058032987171656
6,0.001,2.0,2.049171812782202,1.9117561327314412,1.3741567903431655,0.48485415108451757,0.1989197253110967,0.834985862851767,0.834985862851767,0.8194224943219501,1.8290066434376275,0.5298507462686567,1.9666235659569593,0.5033598045204642
7,0.001,2.0,1.946968960066562,1.8146510196427579,1.3231794127084109,0.5102842183994016,0.1989197256677438,0.8349858599985903,0.8349858599985903,0.8194224928953617,1.8419035708726341,0.48507462686567165,1.923592561399638,0.5094685400122174
8,0.001,2.0,1.8220667210459798,1.694090651502873,1.2797606995325082,0.5316005983545251,0.19891972638103797,0.8349858642783554,0.8349858642783554,0.8194224886155966,1.7733656096814283,0.5223880597014925,1.9205574797069291,0.5131337813072694
