epoch,lr,alpha,train_loss,mixed_loss,gold_stability_loss,train_accuracy,mean_r_prob,mean_r_sim,mean_gold_consistency,mean_control,val_loss,val_accuracy,test_loss,test_accuracy
1,0.001,2.0,1.7632568233615749,1.5080303472477001,1.0209058937135633,0.4416208791208791,0.4023888111114502,0.8768802380823827,0.8768802380823827,0.8452582369793903,0.9837317112953432,0.7225806451612903,1.1891761926504283,0.6065384615384616
2,0.001,2.0,1.5994228132478483,1.3774233204977853,0.8879979468963959,0.495467032967033,0.40238880744347205,0.8768802359863952,0.8768802359863952,0.8452582317394215,1.020620357605719,0.6645161290322581,1.181488003730774,0.5965384615384616
3,0.001,2.0,1.5117589353205083,1.3097132174523323,0.808182869376717,0.5251373626373627,0.4023888105874533,0.8768802380823827,0.8768802380823827,0.8452582390753778,0.862605405622913,0.7290322580645161,1.050189492885883,0.6626923076923077
4,0.001,2.0,1.4686721021002465,1.275391000181764,0.7731243924780207,0.5394230769230769,0.4023888105874533,0.8768802328424139,0.8768802328424139,0.8452582474593278,0.786151627571352,0.7354838709677419,1.0182315118496235,0.6519230769230769
5,0.001,2.0,1.4141250335253202,1.2319989631464192,0.7285042942225278,0.5528846153846154,0.40238881215944394,0.8768802359863952,0.8768802359863952,0.8452582369793903,0.8368347944751863,0.7483870967741936,1.0245710277557374,0.6765384615384615
6,0.001,2.0,1.3539324679217495,1.1855456564452622,0.6735472435479636,0.5755494505494505,0.40238880953945955,0.8768802317944202,0.8768802317944202,0.845258238027384,0.8176323429230721,0.7290322580645161,1.0542497202066274,0.6557692307692308
7,0.001,2.0,1.2944534817894737,1.1352957707185012,0.636630830528972,0.5913461538461539,0.4023888084914658,0.8768802307464264,0.8768802307464264,0.8452582401233715,0.791406468037636,0.7709677419354839,1.0241776512219356,0.6738461538461539
