label,total,correct,accuracy
0,260,221,0.85
1,260,136,0.5230769230769231
2,260,202,0.7769230769230769
3,260,173,0.6653846153846154
4,260,185,0.7115384615384616
5,260,101,0.38846153846153847
6,260,202,0.7769230769230769
7,260,114,0.43846153846153846
8,260,207,0.7961538461538461
9,260,218,0.8384615384615385
