label,total,correct,accuracy
0,260,221,0.85
1,260,169,0.65
2,260,201,0.7730769230769231
3,260,141,0.5423076923076923
4,260,166,0.6384615384615384
5,260,125,0.4807692307692308
6,260,191,0.7346153846153847
7,260,172,0.6615384615384615
8,260,217,0.8346153846153846
9,260,211,0.8115384615384615
