label,total,correct,accuracy
0,260,220,0.8461538461538461
1,260,141,0.5423076923076923
2,260,167,0.6423076923076924
3,260,87,0.3346153846153846
4,260,174,0.6692307692307692
5,260,114,0.43846153846153846
6,260,195,0.75
7,260,97,0.3730769230769231
8,260,183,0.7038461538461539
9,260,205,0.7884615384615384
