epoch,lr,alpha,train_loss,mixed_loss,gold_stability_loss,train_accuracy,mean_r_prob,mean_r_sim,mean_gold_consistency,mean_control,val_loss,val_accuracy,test_loss,test_accuracy
1,0.001,2.0,1.1016551507170198,0.8439908592934562,1.7177618677792659,0.3038519072550486,0.1471126502186127,0.8485343165600933,0.2873969862687561,0.34920138856235866,2.3126670638127114,0.40298507462686567,2.532201317657256,0.3659132559560171
2,0.001,2.0,0.8473666811845333,0.6514577921772502,1.3060592137438731,0.4158563949139865,0.14711264754375952,0.8485343108537399,0.2873969894785799,0.3492013807161227,1.870569028071503,0.5074626865671642,2.0936960345299127,0.4630421502748931
3,0.001,2.0,0.7227660385458524,0.5646667761328332,1.053995042838708,0.47756170531039643,0.14711265039693622,0.8485343179866817,0.28739698876528574,0.34920138570918197,2.0056156169122725,0.4925373134328358,2.143959751344703,0.4660965180207697
4,0.001,2.0,0.6353612232315247,0.5035124403287335,0.8789918239917341,0.5205684367988033,0.14711264879202432,0.8485343065739748,0.2873969891219328,0.34920138570918197,1.7786448535634511,0.5373134328358209,1.9792653285808948,0.4960293219303604
5,0.001,2.0,0.5544270273011036,0.44491720293204823,0.7300654357729692,0.5680628272251309,0.14711264700878887,0.8485343137069166,0.2873969894785799,0.3492013828560052,1.8387405036100701,0.5373134328358209,1.9461972674874903,0.5125229077580941
6,0.001,2.0,0.5123268513199815,0.4155118457621929,0.6454333448106884,0.5869483919222139,0.14711264807873015,0.84853431941327,0.28739698876528574,0.3492013842825936,1.8934092877516107,0.5373134328358209,2.003008188382838,0.5100794135613927
7,0.001,2.0,0.46686438519560586,0.3839294601708272,0.5528994819613294,0.6178010471204188,0.1471126479004066,0.8485343179866817,0.2873969866254032,0.3492013842825936,1.805286768657058,0.5522388059701493,1.8463509971948389,0.5363469761759316
