label,total,correct,accuracy
0,260,216,0.8307692307692308
1,260,190,0.7307692307692307
2,260,218,0.8384615384615385
3,260,178,0.6846153846153846
4,260,201,0.7730769230769231
5,260,163,0.6269230769230769
6,260,164,0.6307692307692307
7,260,151,0.5807692307692308
8,260,211,0.8115384615384615
9,260,193,0.7423076923076923
