epoch,lr,alpha,train_loss,mixed_loss,gold_stability_loss,train_accuracy,mean_r_prob,mean_r_sim,mean_gold_consistency,mean_control,val_loss,val_accuracy,test_loss,test_accuracy
1,0.001,2.0,1.0123286074725388,0.8670421177180025,1.4528648918390095,0.25635751682872104,0.1675895196605103,0.8194808717440917,0.23277865083875635,0.3105761617890203,2.0515689671929205,0.48507462686567165,2.4201710024619874,0.40806353084911423
2,0.001,2.0,0.8465478657873692,0.7277976075659605,1.1875025520774083,0.3322737471952132,0.16758951912553968,0.819480868890915,0.2327786529786389,0.31057616071907906,1.7910362748957391,0.4701492537313433,2.1666046135587234,0.451435552840562
3,0.001,2.0,0.766640188405116,0.6636952615622361,1.0294493251802677,0.37509349289454,0.1675895180555984,0.819480868890915,0.23277865476187432,0.3105761628589616,1.8626836662861839,0.48507462686567165,2.1884581968415855,0.4538790470372633
4,0.001,2.0,0.7120490803501012,0.6216943728094593,0.9035470505302846,0.4055721765145849,0.16758951876889258,0.8194808774504451,0.23277865333528597,0.31057616000578486,1.7869279776046525,0.5522388059701493,2.0594940883179738,0.47648136835675015
5,0.001,2.0,0.6536561441492839,0.5760051177434272,0.7765102925903332,0.44446522064323113,0.16758951930386323,0.8194808631845616,0.2327786526219918,0.3105761649988441,1.5735526494125822,0.5522388059701493,1.9176104679002803,0.5155772755039707
6,0.001,2.0,0.6078777870493499,0.5405101261882526,0.6736766195332906,0.46970830216903514,0.16758951948218678,0.8194808731706801,0.23277865369193307,0.31057616071907906,1.7459631802430793,0.5373134328358209,2.0031222938835875,0.5113011606597434
7,0.001,2.0,0.5789624465073591,0.5165456142903444,0.6241683290578932,0.4870979805534779,0.16758951859056906,0.8194808646111499,0.232778649412168,0.3105761585791965,1.6208693260577187,0.5895522388059702,1.8966209703490875,0.5174098961514967
8,0.001,2.0,0.5395976265108041,0.48391952876645233,0.5567809574712812,0.5108451757666418,0.1675895200171574,0.819480868890915,0.2327786529786389,0.3105761617890203,1.7315809068395132,0.582089552238806,2.0018717131384567,0.5039706780696396
