epoch,lr,alpha,train_loss,mixed_loss,gold_stability_loss,train_accuracy,mean_r_prob,mean_r_sim,mean_gold_consistency,mean_control,val_loss,val_accuracy,test_loss,test_accuracy
1,0.001,2.0,0.8313595121176098,0.8313595121176098,1.7995628234425318,0.24962602842183995,0.19891972602439087,0.8349858685581204,0.23072303224162727,0.3144538186785884,2.2454935579157587,0.44029850746268656,2.600858955464861,0.37018937080024433
2,0.001,2.0,0.6921388507780961,0.6921388507780961,1.6646851367172948,0.33021690351533284,0.1989197249544496,0.8349858699847088,0.23072303224162727,0.31445382331500055,1.9690189753005753,0.5,2.263256015905754,0.4306658521686011
3,0.001,2.0,0.6224116577349587,0.6224116577349587,1.5997027087407765,0.3760284218399402,0.19891972584606732,0.8349858699847088,0.23072302974509765,0.31445381974852965,1.9533693149908264,0.5,2.2040368159077994,0.437996334758705
4,0.001,2.0,0.5851576704986076,0.5851576704986076,1.5775188746163447,0.3975317875841436,0.1989197249544496,0.834985862851767,0.23072303224162727,0.3144538218884122,1.8846624627042172,0.5298507462686567,2.140761846875591,0.46792913866829566
5,0.001,2.0,0.5327862304096892,0.5327862304096892,1.5377023776431715,0.4476439790575916,0.19891972424115542,0.8349858642783554,0.23072303010174475,0.31445382117511805,1.7006237809337788,0.5597014925373134,1.9650642732767047,0.4862553451435553
6,0.001,2.0,0.5027861987019798,0.5027861987019798,1.525588017216171,0.46952131637995514,0.1989197253110967,0.8349858642783554,0.23072303402486272,0.3144538215317651,1.7869401067050534,0.5074626865671642,1.9968770539971772,0.5021380574221136
7,0.001,2.0,0.4818582435820472,0.4818582435820472,1.5352187113879596,0.48597606581899777,0.1989197256677438,0.8349858599985903,0.23072303010174475,0.31445381974852965,1.7988268724128382,0.5447761194029851,1.9382178350127028,0.5015271838729383
8,0.001,2.0,0.4516785941243439,0.4516785941243439,1.5331790643391006,0.5039267015706806,0.19891972638103797,0.8349858642783554,0.23072303081503892,0.3144538215317651,1.7730865745402093,0.5597014925373134,1.8933444103236305,0.5204642638973732
