epoch,lr,alpha,train_loss,mixed_loss,gold_stability_loss,train_accuracy,mean_r_prob,mean_r_sim,mean_gold_consistency,mean_control,val_loss,val_accuracy,test_loss,test_accuracy
1,0.001,2.0,0.8313669911408121,0.8313669911408121,1.7984837972145966,0.2507479431563201,0.19891972602439087,0.8349858685581204,0.23072303224162727,0.3144538186785884,2.2494393711659444,0.44776119402985076,2.6057980126117015,0.3665241295051924
2,0.001,2.0,0.6933642374818327,0.6933642374818327,1.6704841329700124,0.32703814510097234,0.1989197249544496,0.8349858699847088,0.23072303224162727,0.31445382331500055,1.9602932965577538,0.5,2.263632244647241,0.437996334758705
3,0.001,2.0,0.6227107727447373,0.6227107727447373,1.6022357392328928,0.3756544502617801,0.19891972584606732,0.8349858699847088,0.23072302974509765,0.31445381974852965,1.9512161069841527,0.4925373134328358,2.201972500026845,0.4428833231521075
4,0.001,2.0,0.5826444745777076,0.5826444745777076,1.5758559789422206,0.40332834704562454,0.1989197249544496,0.8349858614251786,0.23072303224162727,0.3144538218884122,1.8838168845247867,0.5149253731343284,2.1364389866244595,0.45876603543066585
5,0.001,2.0,0.5320102344632773,0.5320102344632773,1.5394489662631199,0.4478309648466717,0.19891972424115542,0.8349858642783554,0.23072303010174475,0.31445382117511805,1.7025657216114785,0.5597014925373134,1.9534152275043504,0.5027489309712889
6,0.001,2.0,0.5013343754016203,0.5013343754016203,1.5142468149838557,0.47288706058339564,0.1989197253110967,0.8349858642783554,0.23072303402486272,0.3144538215317651,1.8037265165528256,0.5298507462686567,2.0181523648135604,0.49786194257788635
7,0.001,2.0,0.47890153230796934,0.47890153230796934,1.5304772077252282,0.4912116679132386,0.1989197256677438,0.8349858599985903,0.23072303010174475,0.31445381974852965,1.810123658891934,0.5373134328358209,1.9368801617229139,0.5015271838729383
8,0.001,2.0,0.4528742435492057,0.4528742435492057,1.539958258395598,0.5052356020942408,0.19891972638103797,0.834985862851767,0.23072303081503892,0.3144538222450593,1.7140934716409713,0.582089552238806,1.8706896388829302,0.5186316432498472
