label,total,correct,accuracy
0,260,226,0.8692307692307693
1,260,180,0.6923076923076923
2,260,219,0.8423076923076923
3,260,191,0.7346153846153847
4,260,162,0.6230769230769231
5,260,102,0.3923076923076923
6,260,181,0.6961538461538461
7,260,155,0.5961538461538461
8,260,229,0.8807692307692307
9,260,198,0.7615384615384615
