epoch,lr,alpha,train_loss,mixed_loss,gold_stability_loss,train_accuracy,mean_r_prob,mean_r_sim,mean_gold_consistency,mean_control,val_loss,val_accuracy,test_loss,test_accuracy
1,0.001,2.0,0.581954610478747,0.4438345778774429,0.9208001833695632,0.3732142857142857,0.2391985657450917,0.8740874646784185,0.2391985657450917,0.3256765884357494,0.8630760685090095,0.7290322580645161,1.1885007480474619,0.583076923076923
2,0.001,2.0,0.48251638956122345,0.37754945886004104,0.6997795251699594,0.4333791208791209,0.23919856469709794,0.8740874636304248,0.23919856469709794,0.3256765894837432,1.0170545354966194,0.635483870967742,1.3963827870442318,0.5292307692307693
3,0.001,2.0,0.4462687526430402,0.3550503241491842,0.6081228279805445,0.45906593406593404,0.239198566531087,0.8740874604864435,0.239198566531087,0.3256765873877557,0.8455280580828267,0.7032258064516129,1.1032560088084293,0.5976923076923077
4,0.001,2.0,0.41734724922494576,0.33913404378262196,0.5214213477386223,0.47156593406593406,0.23919856705508388,0.8740874699183873,0.23919856705508388,0.3256765900077401,0.7619392195055562,0.7290322580645161,1.0695472068053025,0.6180769230769231
5,0.001,2.0,0.39789289910714704,0.32463262860591596,0.4884017925996047,0.49464285714285716,0.2391985691510714,0.8740874646784185,0.2391985691510714,0.32567658581576503,0.79398361175291,0.7419354838709677,1.0786872243881225,0.6253846153846154
6,0.001,2.0,0.3776959453310285,0.31274960728792045,0.43297556664917497,0.5064560439560439,0.2391985657450917,0.8740874615344373,0.2391985657450917,0.3256765868637588,0.819106303107354,0.7096774193548387,1.0789202213287354,0.6234615384615385
7,0.001,2.0,0.36030569705334337,0.2996553937157432,0.4043353346022931,0.5244505494505495,0.239198566531087,0.8740874657264123,0.239198566531087,0.3256765889597463,0.7700180530548095,0.7548387096774194,1.048076159954071,0.6276923076923077
