label,total,correct,accuracy
0,260,205,0.7884615384615384
1,260,199,0.7653846153846153
2,260,225,0.8653846153846154
3,260,140,0.5384615384615384
4,260,99,0.38076923076923075
5,260,104,0.4
6,260,125,0.4807692307692308
7,260,156,0.6
8,260,217,0.8346153846153846
9,260,162,0.6230769230769231
