epoch,lr,alpha,train_loss,mixed_loss,gold_stability_loss,train_accuracy,mean_r_prob,mean_r_sim,mean_gold_consistency,mean_control,val_loss,val_accuracy,test_loss,test_accuracy
1,0.001,2.0,0.5558753838905921,0.48714637546748907,0.6872900755850824,0.4723901098901099,0.30975317509619743,0.7722091423286186,0.379121583372682,0.42917495402661,0.7640768351093415,0.7258064516129032,1.1357743252240695,0.6119230769230769
2,0.001,2.0,0.46424230232343566,0.40689395115925714,0.5734835037818322,0.5321428571428571,0.3097531740482037,0.7722091391846374,0.37912158232468823,0.42917495297861624,0.8017198212685124,0.7096774193548387,1.154686470398536,0.6023076923076923
3,0.001,2.0,0.43314406963495106,0.3790585044321123,0.5408556304135166,0.5568681318681319,0.30975317588219275,0.7722091360406561,0.3791215844206758,0.42917495035863185,0.834281906389421,0.7225806451612903,1.2179080988810613,0.6169230769230769
4,0.001,2.0,0.4112361877829164,0.3594189586875203,0.5181722788365333,0.5776098901098901,0.30975317588219275,0.7722091360406561,0.37912158075269764,0.42917495559860064,1.0838593552189488,0.6612903225806451,1.4283042966402495,0.5961538461538461
