label,total,correct,accuracy
0,260,231,0.8884615384615384
1,260,122,0.46923076923076923
2,260,206,0.7923076923076923
3,260,95,0.36538461538461536
4,260,163,0.6269230769230769
5,260,126,0.4846153846153846
6,260,228,0.8769230769230769
7,260,66,0.25384615384615383
8,260,196,0.7538461538461538
9,260,171,0.6576923076923077
