epoch,lr,alpha,train_loss,mixed_loss,gold_stability_loss,train_accuracy,mean_r_prob,mean_r_sim,mean_gold_consistency,mean_control,val_loss,val_accuracy,test_loss,test_accuracy
1,0.001,2.0,1.851728423906068,1.851728423906068,2.1178179430979442,0.23485415108451757,0.19152807743583228,0.8370955701897905,0.5143118289841943,0.5529815813633784,2.439799849666766,0.39552238805970147,2.7225963545049483,0.34697617593158214
2,0.001,2.0,1.5903537452622145,1.5903537452622145,1.9467742156875427,0.3150710545998504,0.1915280767225381,0.8370955687632022,0.5143118232778408,0.5529815770836133,2.0983433260846494,0.44776119402985076,2.3248809833095505,0.43860720830788025
3,0.001,2.0,1.4624228326794633,1.4624228326794633,1.8596055096624142,0.3642483171278983,0.19152807904074418,0.8370955701897905,0.5143118232778408,0.5529815856431435,2.0281800227378732,0.5074626865671642,2.221025565082734,0.43555284056200366
4,0.001,2.0,1.374772829891767,1.374772829891767,1.8315568449966213,0.39603590127150334,0.19152807886242065,0.8370955773227323,0.5143118211379583,0.5529815806500842,1.9805165920684586,0.5223880597014925,2.1599157757342553,0.4630421502748931
5,0.001,2.0,1.2638844495935946,1.2638844495935946,1.7701873410167137,0.43773373223635004,0.19152807565259683,0.8370955744695556,0.5143118268443116,0.5529815799367901,1.7786768425756425,0.5671641791044776,1.995590908249195,0.49297495418448384
6,0.001,2.0,1.2077828536037196,1.2077828536037196,1.766250380759999,0.46652954375467465,0.19152807743583228,0.8370955730429673,0.5143118218512525,0.5529815799367901,1.856352307903233,0.5522388059701493,2.0380114882765707,0.49480757483200977
7,0.001,2.0,1.1494807430230243,1.1494807430230243,1.7629670536865827,0.4822363500373972,0.19152807814912645,0.8370955730429673,0.514311823991135,0.5529815770836133,1.9000570880832957,0.47761194029850745,2.018879500408324,0.47648136835675015
8,0.001,2.0,1.0854621676250278,1.0854621676250278,1.781486829894643,0.5022438294689604,0.19152807779247938,0.8370955701897905,0.5143118261310176,0.5529815777969075,1.842307588947353,0.5149253731343284,1.965754218995753,0.5088576664630422
