epoch,lr,alpha,train_loss,mixed_loss,gold_stability_loss,train_accuracy,mean_r_prob,mean_r_sim,mean_gold_consistency,mean_control,val_loss,val_accuracy,test_loss,test_accuracy
1,0.001,2.0,1.8510314599738338,1.8510314599738338,2.1160699880738356,0.23391922213911742,0.19152807743583228,0.8370955701897905,0.5143118289841943,0.5529815813633784,2.4517859985579307,0.3805970149253731,2.724884205936439,0.34758704948075747
2,0.001,2.0,1.5931056383927544,1.5931056383927544,1.9539642802975297,0.3145100972326103,0.1915280767225381,0.8370955687632022,0.5143118232778408,0.5529815785102017,2.1011342148282637,0.4552238805970149,2.3422943073289018,0.42272449602932194
3,0.001,2.0,1.4620402546720712,1.4620402546720712,1.8609784061371968,0.36593118922961854,0.19152807904074418,0.8370955701897905,0.5143118232778408,0.5529815856431435,2.0484358908525153,0.48507462686567165,2.237732770170609,0.43555284056200366
4,0.001,2.0,1.380619641373919,1.380619641373919,1.8437318910657245,0.3919222139117427,0.19152807886242065,0.8370955773227323,0.5143118211379583,0.5529815806500842,1.9621884093355777,0.5,2.1638395212449604,0.46059865607819184
5,0.001,2.0,1.2685958701635174,1.2685958701635174,1.7750179444843026,0.4397905759162304,0.19152807565259683,0.8370955744695556,0.5143118268443116,0.5529815799367901,1.8110915938420082,0.5746268656716418,2.0069357284191693,0.49480757483200977
6,0.001,2.0,1.2100723228440324,1.2100723228440324,1.763094396580487,0.46353777112939415,0.19152807743583228,0.8370955744695556,0.5143118218512525,0.5529815799367901,1.8789834495800644,0.5447761194029851,2.0635074047177175,0.48197923029932804
7,0.001,2.0,1.1549661785431022,1.1549661785431022,1.7592000636754859,0.4870979805534779,0.19152807814912645,0.8370955716163789,0.5143118232778408,0.5529815770836133,1.933018084782273,0.5074626865671642,2.0494176230928702,0.48564447159437996
8,0.001,2.0,1.0875113384885937,1.0875113384885937,1.771479904250414,0.5078534031413613,0.19152807779247938,0.8370955716163789,0.5143118261310176,0.5529815777969075,1.851590868252427,0.5373134328358209,1.9682377824422128,0.49969456322541234
