label,total,correct,accuracy
0,260,210,0.8076923076923077
1,260,164,0.6307692307692307
2,260,170,0.6538461538461539
3,260,146,0.5615384615384615
4,260,179,0.6884615384615385
5,260,126,0.4846153846153846
6,260,194,0.7461538461538462
7,260,143,0.55
8,260,221,0.85
9,260,197,0.7576923076923077
