label,total,correct,accuracy
0,260,206,0.7923076923076923
1,260,162,0.6230769230769231
2,260,206,0.7923076923076923
3,260,134,0.5153846153846153
4,260,145,0.5576923076923077
5,260,80,0.3076923076923077
6,260,209,0.8038461538461539
7,260,182,0.7
8,260,204,0.7846153846153846
9,260,214,0.823076923076923
