epoch,lr,alpha,train_loss,mixed_loss,gold_stability_loss,train_accuracy,mean_r_prob,mean_r_sim,mean_gold_consistency,mean_control,val_loss,val_accuracy,test_loss,test_accuracy
1,0.001,2.0,2.1015182263653225,1.7927942030806103,1.5436201424587994,0.2668287210172027,0.19152807743583228,0.8370955701897905,0.5143118289841943,0.5529815813633784,2.0145354769123136,0.4925373134328358,2.3686597548247694,0.42333536957849727
2,0.001,2.0,1.78144366026103,1.531308409431218,1.2506762011869683,0.3449887808526552,0.1915280767225381,0.8370955687632022,0.5143118232778408,0.5529815770836133,1.8762570139187484,0.4701492537313433,2.166091963220968,0.46243127672571777
3,0.001,2.0,1.6235261953135613,1.4078283133396214,1.0784894021126257,0.39416604338070305,0.19152807904074418,0.8370955716163789,0.5143118232778408,0.5529815856431435,1.7856050035846767,0.5074626865671642,2.1005088543119994,0.4740378741600489
4,0.001,2.0,1.5056985540896453,1.3139975491796934,0.9585050318610249,0.42034405385190726,0.19152807886242065,0.8370955773227323,0.5143118218512525,0.5529815820766726,1.6430021417674734,0.5746268656716418,1.9427154778560343,0.5033598045204642
5,0.001,2.0,1.3835582158952484,1.218578044121713,0.8249008704587071,0.4631637995512341,0.19152807565259683,0.837095575896144,0.5143118268443116,0.5529815799367901,1.5343745306356629,0.6044776119402985,1.900492689998396,0.5229077580940745
6,0.001,2.0,1.2955378919015113,1.147382121346473,0.7407788448397937,0.4955123410620793,0.19152807743583228,0.8370955730429673,0.5143118218512525,0.5529815799367901,1.6401698322438483,0.5447761194029851,1.9145008321207475,0.5247403787416005
7,0.001,2.0,1.2258093175196165,1.0915411261363803,0.6713409742135652,0.5190725504861631,0.19152807814912645,0.8370955730429673,0.5143118247044292,0.5529815770836133,1.567495168145023,0.5671641791044776,1.8267260499312226,0.5302382406841784
8,0.001,2.0,1.1474849831817215,1.0266662294862872,0.6040938242032801,0.5443156320119671,0.19152807779247938,0.8370955716163789,0.5143118275576058,0.5529815792234959,1.574746045603681,0.5373134328358209,1.8239790571121888,0.5381795968234575
