epoch,lr,alpha,train_loss,mixed_loss,gold_stability_loss,train_accuracy,mean_r_prob,mean_r_sim,mean_gold_consistency,mean_control,val_loss,val_accuracy,test_loss,test_accuracy
1,0.001,2.0,0.6764425442768978,0.47453431709782107,0.807632901249351,0.36085164835164835,0.25415826813205256,0.7636789898295979,0.25415826813205256,0.3341949237571968,0.9760234232871763,0.6709677419354839,1.2630217940990742,0.5811538461538461
2,0.001,2.0,0.576448681983319,0.4274644883124383,0.595936785032461,0.39862637362637365,0.2541582689180479,0.7636789982135479,0.2541582689180479,0.3341949216612093,0.8867674942939512,0.7193548387096774,1.2168781713338999,0.5938461538461538
3,0.001,2.0,0.5269685636509905,0.4032006166793488,0.49507178127110657,0.43543956043956045,0.2541582673460573,0.7636789929735791,0.2541582673460573,0.33419492270920304,0.9564936145659416,0.7,1.2314289428637577,0.6203846153846154
4,0.001,2.0,0.49487120240599247,0.3920078395487188,0.41145345156009383,0.45013736263736265,0.25415826813205256,0.7636789950695667,0.25415826813205256,0.3341949242811937,0.7838217481490104,0.7387096774193549,1.075399295916924,0.6596153846153846
5,0.001,2.0,0.4709077455185272,0.379744356412154,0.36465355852148035,0.4614010989010989,0.25415826813205256,0.7636789919255854,0.25415826813205256,0.3341949242811937,1.0405461242122034,0.6903225806451613,1.3896470761299133,0.61
6,0.001,2.0,0.44657645369624044,0.3694917800662282,0.3083387067029764,0.47596153846153844,0.2541582670840588,0.7636789908775916,0.2541582670840588,0.3341949232331999,1.0999658607667493,0.7,1.4757499599456787,0.6011538461538461
7,0.001,2.0,0.41415457358727087,0.3513579828398568,0.2511863667886336,0.49491758241758244,0.2541582676080557,0.7636789929735791,0.2541582676080557,0.33419492218520613,0.8713705289748407,0.7451612903225806,1.2641166259692265,0.6484615384615384
