label,total,correct,accuracy
0,260,208,0.8
1,260,167,0.6423076923076924
2,260,200,0.7692307692307693
3,260,119,0.4576923076923077
4,260,166,0.6384615384615384
5,260,108,0.4153846153846154
6,260,200,0.7692307692307693
7,260,146,0.5615384615384615
8,260,202,0.7769230769230769
9,260,199,0.7653846153846153
