epoch,lr,alpha,train_loss,mixed_loss,gold_stability_loss,train_accuracy,mean_r_prob,mean_r_sim,mean_gold_consistency,mean_control,val_loss,val_accuracy,test_loss,test_accuracy
1,0.001,2.0,0.889808121998986,0.8113828028148916,1.5685063376744113,0.26084517576664173,0.19891972602439087,0.8349858685581204,0.23072303224162727,0.3144538186785884,2.0700778996766505,0.5074626865671642,2.4765434591378392,0.38546120952962737
2,0.001,2.0,0.7438144250511677,0.6763342034932652,1.3496044694976121,0.3386312640239342,0.1989197249544496,0.8349858699847088,0.23072303224162727,0.31445382331500055,1.8369599242708576,0.5,2.1900448018483587,0.4526572999389126
3,0.001,2.0,0.6708235423691521,0.6090534973608173,1.2354010301645604,0.3838818249813014,0.19891972584606732,0.8349858685581204,0.23072302974509765,0.31445381974852965,1.7541274401678968,0.5373134328358209,2.0972680949407447,0.47281612706169823
4,0.001,2.0,0.625829990844541,0.5687737875048938,1.1411240683978587,0.412490650710546,0.1989197249544496,0.834985862851767,0.23072303224162727,0.3144538218884122,1.6697013057879548,0.5522388059701493,1.9900312692418503,0.49419670128283444
5,0.001,2.0,0.5725863784128102,0.520833863771577,1.0350504045443651,0.45587135377711296,0.19891972424115542,0.8349858642783554,0.23072303010174475,0.31445382117511805,1.540161702170301,0.582089552238806,1.8693422599033969,0.5222968845448992
6,0.001,2.0,0.5377078810198234,0.489632745375808,0.9615027661098859,0.4781226626776365,0.1989197253110967,0.8349858642783554,0.23072303402486272,0.3144538215317651,1.5794848559507684,0.5671641791044776,1.8515442694260278,0.5387904703726328
7,0.001,2.0,0.5097855925114189,0.46475742539988585,0.9005633533758821,0.4988780852655198,0.1989197256677438,0.8349858599985903,0.23072302974509765,0.31445381974852965,1.5724644056007044,0.5597014925373134,1.824459896119688,0.5345143555284056
8,0.001,2.0,0.48171467645541,0.4383834277905897,0.8666249948735547,0.5196335078534031,0.19891972638103797,0.8349858642783554,0.23072303081503892,0.3144538215317651,1.6025357975888608,0.5447761194029851,1.8262959492956639,0.5284056200366524
