label,total,correct,accuracy
0,260,217,0.8346153846153846
1,260,213,0.8192307692307692
2,260,231,0.8884615384615384
3,260,136,0.5230769230769231
4,260,150,0.5769230769230769
5,260,139,0.5346153846153846
6,260,158,0.6076923076923076
7,260,177,0.6807692307692308
8,260,206,0.7923076923076923
9,260,176,0.676923076923077
