label,total,correct,accuracy
0,260,207,0.7961538461538461
1,260,153,0.5884615384615385
2,260,226,0.8692307692307693
3,260,214,0.823076923076923
4,260,107,0.4115384615384615
5,260,128,0.49230769230769234
6,260,169,0.65
7,260,120,0.46153846153846156
8,260,187,0.7192307692307692
9,260,195,0.75
