label,total,correct,accuracy
0,260,206,0.7923076923076923
1,260,137,0.5269230769230769
2,260,227,0.8730769230769231
3,260,127,0.48846153846153845
4,260,142,0.5461538461538461
5,260,176,0.676923076923077
6,260,172,0.6615384615384615
7,260,169,0.65
8,260,192,0.7384615384615385
9,260,170,0.6538461538461539
