epoch,lr,alpha,train_loss,mixed_loss,gold_stability_loss,train_accuracy,mean_r_prob,mean_r_sim,mean_gold_consistency,mean_control,val_loss,val_accuracy,test_loss,test_accuracy
1,0.001,2.0,0.6432456437048021,0.6432456437048021,0.9399984312581492,0.42706043956043954,0.38802257579761545,0.8584326398241651,0.45858410007351047,0.49584664984063787,0.9113530497397145,0.6903225806451613,1.1108356270423303,0.6061538461538462
2,0.001,2.0,0.5531127325781099,0.5531127325781099,0.8467345493180412,0.48543956043956044,0.38802257841759985,0.8584326440161401,0.45858410007351047,0.495846649316641,0.8393057842408457,0.7258064516129032,1.0214475277753976,0.64
3,0.001,2.0,0.5200456262289823,0.5200456262289823,0.7919966169766017,0.5171703296703297,0.388022577893603,0.8584326387761714,0.45858410059750737,0.49584665717659415,0.8205506578568489,0.7516129032258064,1.012243837576646,0.6473076923076924
4,0.001,2.0,0.4920003680737464,0.4920003680737464,0.7608524063131311,0.5318681318681319,0.38802257579761545,0.8584326408721589,0.4585841016455011,0.49584665298461916,0.8291729619426113,0.7322580645161291,1.0426158439196074,0.6365384615384615
5,0.001,2.0,0.47904409825146854,0.47904409825146854,0.7448051719875126,0.551510989010989,0.38802257370162796,0.8584326366801839,0.45858410216949796,0.495846653508616,0.8590930615701983,0.7096774193548387,1.0427199462743906,0.6392307692307693
6,0.001,2.0,0.4633190948884566,0.4633190948884566,0.7636202548886394,0.5605769230769231,0.38802257894159675,0.8584326419201526,0.4585840995495136,0.49584665193662536,0.7855547351221884,0.7419354838709677,1.0323709693321814,0.6473076923076924
7,0.001,2.0,0.443144943687942,0.443144943687942,0.7342431141779973,0.5804945054945055,0.3880225773696061,0.8584326408721589,0.4585840990255167,0.49584664722065347,0.8974055613240888,0.7258064516129032,1.0796517559198233,0.6453846153846153
8,0.001,2.0,0.4320054178709512,0.4320054178709512,0.7518654071367704,0.5851648351648352,0.38802257841759985,0.8584326335362026,0.4585840985015198,0.49584665927258165,0.8769410571744365,0.7225806451612903,1.0588549280166626,0.6376923076923077
9,0.001,2.0,0.4116766141011165,0.4116766141011165,0.7292146108962677,0.6019230769230769,0.38802257632161236,0.8584326345841963,0.45858410059750737,0.49584665246062226,0.79186258123767,0.7161290322580646,0.9760989411060627,0.6626923076923077
