label,total,correct,accuracy
0,260,196,0.7538461538461538
1,260,154,0.5923076923076923
2,260,193,0.7423076923076923
3,260,117,0.45
4,260,163,0.6269230769230769
5,260,70,0.2692307692307692
6,260,189,0.7269230769230769
7,260,214,0.823076923076923
8,260,213,0.8192307692307692
9,260,214,0.823076923076923
