epoch,lr,alpha,train_loss,mixed_loss,gold_stability_loss,train_accuracy,mean_r_prob,mean_r_sim,mean_gold_consistency,mean_control,val_loss,val_accuracy,test_loss,test_accuracy
1,0.001,2.0,0.9327736081431495,0.7439989747623053,1.8877463360374866,0.22288706058339566,0.11813715169388765,0.8285581421834279,0.1536582015571794,0.24906160408824615,2.445114616137832,0.373134328358209,2.607691851489487,0.37018937080024433
2,0.001,2.0,0.7829928708415291,0.6332402890889433,1.4975257046470556,0.31525804038893046,0.11813715169388765,0.8285581364770745,0.15365820209215003,0.24906160801136412,2.1267860362778848,0.44776119402985076,2.3203735661783376,0.42333536957849727
3,0.001,2.0,0.7109060987841307,0.5860316540736624,1.2487444848201126,0.35732984293193715,0.11813715276382891,0.8285581350504861,0.15365819977394396,0.24906160444489325,2.0392855672693964,0.4626865671641791,2.2294659803899672,0.4422724496029322
4,0.001,2.0,0.6559227301544811,0.5484776438040437,1.0744509007739949,0.3900523560209424,0.11813715062394638,0.8285581436100163,0.15365819941729686,0.24906160729806995,1.9103627969969565,0.5298507462686567,2.0858000801624725,0.46731826511912034
5,0.001,2.0,0.6080259887157489,0.5162402924621114,0.9178569704717723,0.42408376963350786,0.11813715115891701,0.8285581379036628,0.15365819888232624,0.24906160801136412,2.159669835176041,0.4552238805970149,2.2020799806369973,0.451435552840562
6,0.001,2.0,0.5732243719971171,0.4912012296331045,0.8202314101766988,0.4392296185489903,0.11813715187221119,0.8285581393302512,0.15365819834735558,0.2490616058714816,2.0129389122350894,0.5074626865671642,2.1235816936050163,0.47831398900427613
7,0.001,2.0,0.5439528294615364,0.4689527976931969,0.7500003117987177,0.4605459985041137,0.11813715294215246,0.8285581393302512,0.15365819906064976,0.24906160444489325,2.004055480458843,0.4925373134328358,2.1084267043018747,0.4715943799633476
