epoch,lr,alpha,train_loss,mixed_loss,gold_stability_loss,train_accuracy,mean_r_prob,mean_r_sim,mean_gold_consistency,mean_control,val_loss,val_accuracy,test_loss,test_accuracy
1,0.001,2.0,1.6570025869689062,1.4626521894801616,1.9435039866567996,0.3051608077786088,0.1471126502186127,0.8485343165600933,0.4978234819627646,0.5427074546500116,2.433084133845657,0.3656716417910448,2.5401239470876273,0.3628588882101405
2,0.001,2.0,1.2967933464513934,1.1339211113522458,1.628722409927408,0.4145474943904263,0.14711264754375952,0.8485343080005632,0.49782348481594135,0.5427074596430708,1.9878958944064469,0.47761194029850745,2.146808019846623,0.437996334758705
3,0.001,2.0,1.1268529308849782,0.9819716809396879,1.4488124540695613,0.47157816005983544,0.14711265039693622,0.8485343179866817,0.4978234826760588,0.5427074517968348,2.2064470888963386,0.417910447761194,2.2526706547437096,0.4331093463653024
4,0.001,2.0,1.0051339489805582,0.8726332813568229,1.325006666429558,0.5231862378459237,0.14711264879202432,0.8485343080005632,0.497823483389353,0.5427074539367174,1.7738125662305462,0.5597014925373134,1.9347243901790463,0.49664019547953575
5,0.001,2.0,0.8892807046602088,0.7700444659191722,1.1923623709154378,0.5781600598354525,0.14711264700878887,0.8485343137069166,0.49782347768299956,0.5427074517968348,1.9440131134061671,0.5149253731343284,1.9852645022154,0.49297495418448384
6,0.001,2.0,0.8346288004470745,0.7237830186567827,1.1084578633754218,0.5863874345549738,0.14711264807873015,0.84853431941327,0.4978234826760588,0.5427074610696592,2.1597549559465095,0.4626865671641791,2.178414853520705,0.4654856444715944
7,0.001,2.0,0.7788243940630865,0.6743395934375971,1.0448480071910924,0.6146222887060584,0.1471126479004066,0.8485343179866817,0.4978234855292355,0.5427074546500116,2.0766894105655043,0.5223880597014925,2.0878903922615213,0.483811850946854
