label,total,correct,accuracy
0,260,218,0.8384615384615385
1,260,178,0.6846153846153846
2,260,171,0.6576923076923077
3,260,129,0.49615384615384617
4,260,123,0.47307692307692306
5,260,174,0.6692307692307692
6,260,175,0.6730769230769231
7,260,142,0.5461538461538461
8,260,223,0.8576923076923076
9,260,217,0.8346153846153846
