epoch,lr,alpha,train_loss,mixed_loss,gold_stability_loss,train_accuracy,mean_r_prob,mean_r_sim,mean_gold_consistency,mean_control,val_loss,val_accuracy,test_loss,test_accuracy
1,0.001,2.0,0.9586952099090382,0.7713631851154205,1.8733202216334546,0.23653702318623784,0.1522335711930702,0.8442354879899977,0.1868336651872679,0.27705823153636305,2.3241682301706343,0.41044776119402987,2.51234459425519,0.403787416004887
2,0.001,2.0,0.7958791871167157,0.6478666528981394,1.480125325690835,0.32834704562453254,0.1522335711930702,0.8442354865634094,0.186833665543915,0.27705822939648056,2.068991431549414,0.4552238805970149,2.254717854224259,0.4447159437996335
3,0.001,2.0,0.7199229677399327,0.5961897145836944,1.2373325217545879,0.37266267763649963,0.1522335711930702,0.844235485136821,0.1868336651872679,0.27705822903983346,1.9522029659641322,0.47761194029850745,2.1769396138759234,0.4508246792913867
4,0.001,2.0,0.6646322454190022,0.5568996922864607,1.0773255200464509,0.4050112191473448,0.1522335719063644,0.8442354908431744,0.18683366483062083,0.27705822868318636,1.8550328069658422,0.5223880597014925,2.0745300298503206,0.4777031154551008
5,0.001,2.0,0.6188039021342212,0.5247960502564595,0.940078497869182,0.4324981301421092,0.1522335695881583,0.8442354837102326,0.186833665543915,0.27705822832653926,1.790871568580172,0.5074626865671642,1.975834671287327,0.49419670128283444
6,0.001,2.0,0.5807398800628794,0.49726420848246555,0.8347566864699147,0.4513836948391922,0.1522335703014525,0.8442354808570559,0.1868336651872679,0.2770582304664218,1.841141745225707,0.4925373134328358,1.9333771132228574,0.5076359193646915
7,0.001,2.0,0.5475285228901865,0.47205973563126513,0.7546878795438323,0.4799925205684368,0.1522335694098348,0.8442354837102326,0.18683366625720918,0.2770582268999509,1.8175548795443863,0.5298507462686567,1.9104889616707001,0.5192425167990226
8,0.001,2.0,0.51789018453817,0.4503552733781896,0.6753491169940917,0.48859386686611816,0.1522335694098348,0.8442354794304676,0.18683366411732663,0.27705822796989216,1.7955261842528385,0.5,1.8478376593033423,0.533292608430055
