label,total,correct,accuracy
0,260,180,0.6923076923076923
1,260,182,0.7
2,260,228,0.8769230769230769
3,260,160,0.6153846153846154
4,260,169,0.65
5,260,146,0.5615384615384615
6,260,177,0.6807692307692308
7,260,116,0.4461538461538462
8,260,218,0.8384615384615385
9,260,187,0.7192307692307692
