label,total,correct,accuracy
0,260,211,0.8115384615384615
1,260,179,0.6884615384615385
2,260,212,0.8153846153846154
3,260,85,0.3269230769230769
4,260,149,0.573076923076923
5,260,157,0.6038461538461538
6,260,168,0.6461538461538462
7,260,131,0.5038461538461538
8,260,214,0.823076923076923
9,260,140,0.5384615384615384
