label,total,correct,accuracy
0,8,5,0.625
1,12,7,0.5833333333333334
2,8,3,0.375
3,11,1,0.09090909090909091
4,13,5,0.38461538461538464
5,9,6,0.6666666666666666
6,8,7,0.875
7,17,13,0.7647058823529411
8,9,3,0.3333333333333333
9,9,6,0.6666666666666666
10,17,0,0.0
11,17,13,0.7647058823529411
12,10,4,0.4
13,10,8,0.8
14,10,9,0.9
15,8,4,0.5
16,17,15,0.8823529411764706
17,16,7,0.4375
18,10,2,0.2
19,11,3,0.2727272727272727
20,8,5,0.625
21,12,8,0.6666666666666666
22,18,8,0.4444444444444444
23,9,5,0.5555555555555556
24,8,5,0.625
25,8,1,0.125
26,8,4,0.5
27,13,8,0.6153846153846154
28,16,9,0.5625
29,17,12,0.7058823529411765
30,11,1,0.09090909090909091
31,9,0,0.0
32,9,2,0.2222222222222222
33,8,1,0.125
34,9,4,0.4444444444444444
35,15,10,0.6666666666666666
36,22,19,0.8636363636363636
37,11,7,0.6363636363636364
38,8,1,0.125
39,13,7,0.5384615384615384
40,25,11,0.44
41,12,9,0.75
42,26,10,0.38461538461538464
43,19,10,0.5263157894736842
44,8,4,0.5
45,39,30,0.7692307692307693
46,13,7,0.5384615384615384
47,14,11,0.7857142857142857
48,10,10,1.0
49,18,15,0.8333333333333334
50,52,20,0.38461538461538464
51,17,14,0.8235294117647058
52,19,3,0.15789473684210525
53,12,9,0.75
54,14,9,0.6428571428571429
55,22,20,0.9090909090909091
56,13,8,0.6153846153846154
57,23,19,0.8260869565217391
58,13,11,0.8461538461538461
59,22,21,0.9545454545454546
60,10,7,0.7
61,11,6,0.5454545454545454
62,11,11,1.0
63,11,11,1.0
64,20,14,0.7
65,12,11,0.9166666666666666
66,9,1,0.1111111111111111
67,11,7,0.6363636363636364
68,11,5,0.45454545454545453
69,12,8,0.6666666666666666
70,16,15,0.9375
71,19,5,0.2631578947368421
72,39,32,0.8205128205128205
73,34,22,0.6470588235294118
74,24,20,0.8333333333333334
75,21,7,0.3333333333333333
76,50,49,0.98
77,27,17,0.6296296296296297
78,8,6,0.75
79,21,4,0.19047619047619047
80,33,29,0.8787878787878788
81,22,6,0.2727272727272727
82,26,7,0.2692307692307692
83,17,3,0.17647058823529413
84,13,5,0.38461538461538464
85,12,2,0.16666666666666666
86,13,11,0.8461538461538461
87,31,22,0.7096774193548387
88,37,26,0.7027027027027027
89,16,6,0.375
90,15,10,0.6666666666666666
91,13,9,0.6923076923076923
92,9,1,0.1111111111111111
93,32,20,0.625
94,26,13,0.5
95,18,12,0.6666666666666666
96,13,4,0.3076923076923077
97,16,6,0.375
98,13,8,0.6153846153846154
99,10,9,0.9
100,12,0,0.0
101,10,7,0.7
