label,total,correct,accuracy
0,260,222,0.8538461538461538
1,260,158,0.6076923076923076
2,260,212,0.8153846153846154
3,260,124,0.47692307692307695
4,260,158,0.6076923076923076
5,260,121,0.4653846153846154
6,260,204,0.7846153846153846
7,260,172,0.6615384615384615
8,260,218,0.8384615384615385
9,260,189,0.7269230769230769
