label,total,correct,accuracy
0,260,221,0.85
1,260,177,0.6807692307692308
2,260,234,0.9
3,260,177,0.6807692307692308
4,260,156,0.6
5,260,121,0.4653846153846154
6,260,197,0.7576923076923077
7,260,167,0.6423076923076924
8,260,217,0.8346153846153846
9,260,184,0.7076923076923077
