label,total,correct,accuracy
0,260,218,0.8384615384615385
1,260,196,0.7538461538461538
2,260,211,0.8115384615384615
3,260,159,0.6115384615384616
4,260,149,0.573076923076923
5,260,134,0.5153846153846153
6,260,195,0.75
7,260,160,0.6153846153846154
8,260,199,0.7653846153846153
9,260,206,0.7923076923076923
