label,total,correct,accuracy
0,260,209,0.8038461538461539
1,260,136,0.5230769230769231
2,260,220,0.8461538461538461
3,260,175,0.6730769230769231
4,260,184,0.7076923076923077
5,260,115,0.4423076923076923
6,260,204,0.7846153846153846
7,260,163,0.6269230769230769
8,260,205,0.7884615384615384
9,260,225,0.8653846153846154
