epoch,lr,alpha,train_loss,mixed_loss,gold_stability_loss,train_accuracy,mean_r_prob,mean_r_sim,mean_gold_consistency,mean_control,val_loss,val_accuracy,test_loss,test_accuracy
1,0.001,2.0,0.573847940989903,0.474092909857467,0.6650335228050148,0.4357142857142857,0.35288183086521024,0.8651315374688788,0.35288183086521024,0.41629320291372446,0.7563533682977,0.7258064516129032,1.1563805802051839,0.5876923076923077
2,0.001,2.0,0.4974272709626418,0.41382334638427903,0.5573594436540709,0.47197802197802197,0.35288182824522585,0.8651315332769037,0.35288182824522585,0.41629320029374006,0.7398664382196242,0.7161290322580646,1.0570535984406104,0.6388461538461538
3,0.001,2.0,0.45519048139289187,0.38085950429622945,0.495539831329178,0.509065934065934,0.3528818292932196,0.8651315353728912,0.3528818292932196,0.41629319872174947,0.72971589180731,0.7709677419354839,0.998756217773144,0.655
4,0.001,2.0,0.42652800168309896,0.3595242663399204,0.446691546859322,0.5177197802197803,0.3528818266732352,0.8651315343248975,0.3528818266732352,0.41629320029374006,0.7313162607531394,0.7645161290322581,1.0394279800928556,0.6434615384615384
5,0.001,2.0,0.4148291186971979,0.351183750472226,0.4243024470386924,0.5311813186813187,0.35288183034121334,0.8651315353728912,0.35288183034121334,0.41629320081773696,0.8384671653470686,0.7258064516129032,1.2033579340347877,0.6053846153846154
6,0.001,2.0,0.3874100319631807,0.33232799585048967,0.3672135611811837,0.5494505494505495,0.3528818271972321,0.86513153222891,0.3528818271972321,0.4162931997697432,0.7685144220629047,0.7419354838709677,1.0517567370488095,0.6407692307692308
