label,total,correct,accuracy
0,260,206,0.7923076923076923
1,260,178,0.6846153846153846
2,260,236,0.9076923076923077
3,260,113,0.4346153846153846
4,260,161,0.6192307692307693
5,260,136,0.5230769230769231
6,260,191,0.7346153846153847
7,260,142,0.5461538461538461
8,260,209,0.8038461538461539
9,260,158,0.6076923076923076
