epoch,lr,alpha,train_loss,mixed_loss,gold_stability_loss,train_accuracy,mean_r_prob,mean_r_sim,mean_gold_consistency,mean_control,val_loss,val_accuracy,test_loss,test_accuracy
1,0.001,2.0,0.7140972615598322,0.5420065814322168,0.5736355832644872,0.3853021978021978,0.2635594857918037,0.7667364351042024,0.31387717514247687,0.37627446520459523,0.7256853949639105,0.7322580645161291,1.1784345335226794,0.6146153846153846
2,0.001,2.0,0.6212859170777457,0.490756897349934,0.4350967214002714,0.42074175824175825,0.2635594852678068,0.7667364372001899,0.3138771748804784,0.3762744615366171,0.8135148367574138,0.7032258064516129,1.263155584702125,0.62
3,0.001,2.0,0.5837297546994555,0.47233314370061014,0.3713220226240682,0.44217032967032965,0.26355948657779904,0.7667364372001899,0.31387717645246904,0.37627445996462644,0.823388583044852,0.7290322580645161,1.3172990476168118,0.6326923076923077
4,0.001,2.0,0.5429816260442629,0.4509660638950683,0.30671852568348684,0.4592032967032967,0.26355948395781464,0.7667364340562087,0.31387717592847214,0.3762744631086077,0.7797200233705582,0.7548387096774194,1.2362392513568585,0.6411538461538462
