label,total,correct,accuracy
0,260,182,0.7
1,260,180,0.6923076923076923
2,260,206,0.7923076923076923
3,260,108,0.4153846153846154
4,260,167,0.6423076923076924
5,260,96,0.36923076923076925
6,260,199,0.7653846153846153
7,260,157,0.6038461538461538
8,260,183,0.7038461538461539
9,260,189,0.7269230769230769
