epoch,lr,alpha,train_loss,mixed_loss,gold_stability_loss,train_accuracy,mean_r_prob,mean_r_sim,mean_gold_consistency,mean_control,val_loss,val_accuracy,test_loss,test_accuracy
1,0.001,2.0,1.2785206252402002,1.0275445359093802,0.8365869304636022,0.44395604395604393,0.4079222532419058,0.8686224203843337,0.638272331573151,0.6575637838342687,0.8534612082665967,0.7290322580645161,1.06510207763085,0.6288461538461538
2,0.001,2.0,1.1079482542289483,0.9023466788805448,0.6853385292566739,0.5065934065934066,0.40792224695394325,0.8686224109523899,0.6382723294771635,0.6575637922182188,0.7676747729701381,0.7580645161290323,0.9711351743111244,0.666923076923077
3,0.001,2.0,1.0413803428083985,0.8566641110640306,0.6157207354084476,0.5357142857142857,0.40792225271790894,0.8686224245763087,0.6382723378611135,0.6575637848822625,0.7748981583502985,0.7451612903225806,1.0213957515129677,0.6453846153846153
4,0.001,2.0,0.9894325589085673,0.8244863837629884,0.5498205585794135,0.5494505494505495,0.40792224957392764,0.8686224172403524,0.6382723305251572,0.6575637838342687,0.7812311949268465,0.7419354838709677,1.0519969613735491,0.6326923076923077
5,0.001,2.0,0.9543973935829414,0.7986943036645323,0.5190103014746865,0.5681318681318681,0.4079222506219214,0.8686224214323275,0.6382723326211447,0.6575637848822625,0.7714313310961569,0.7387096774193549,1.0075658743198102,0.6692307692307692
