label,total,correct,accuracy
0,260,195,0.75
1,260,154,0.5923076923076923
2,260,202,0.7769230769230769
3,260,114,0.43846153846153846
4,260,197,0.7576923076923077
5,260,127,0.48846153846153845
6,260,225,0.8653846153846154
7,260,107,0.4115384615384615
8,260,206,0.7923076923076923
9,260,213,0.8192307692307692
