label,total,correct,accuracy
0,260,220,0.8461538461538461
1,260,157,0.6038461538461538
2,260,186,0.7153846153846154
3,260,121,0.4653846153846154
4,260,158,0.6076923076923076
5,260,70,0.2692307692307692
6,260,206,0.7923076923076923
7,260,175,0.6730769230769231
8,260,214,0.823076923076923
9,260,210,0.8076923076923077
