label,total,correct,accuracy
0,260,224,0.8615384615384616
1,260,132,0.5076923076923077
2,260,202,0.7769230769230769
3,260,169,0.65
4,260,122,0.46923076923076923
5,260,103,0.39615384615384613
6,260,184,0.7076923076923077
7,260,172,0.6615384615384615
8,260,220,0.8461538461538461
9,260,194,0.7461538461538462
