label,total,correct,accuracy
0,260,224,0.8615384615384616
1,260,175,0.6730769230769231
2,260,208,0.8
3,260,119,0.4576923076923077
4,260,165,0.6346153846153846
5,260,87,0.3346153846153846
6,260,208,0.8
7,260,169,0.65
8,260,204,0.7846153846153846
9,260,201,0.7730769230769231
