epoch,lr,alpha,train_loss,mixed_loss,gold_stability_loss,train_accuracy,mean_r_prob,mean_r_sim,mean_gold_consistency,mean_control,val_loss,val_accuracy,test_loss,test_accuracy
1,0.001,2.0,0.6584384467575576,0.5613019594779382,0.971364868080223,0.3539835164835165,0.25415826813205256,0.7636789950695667,0.30511033299205065,0.37017706409915463,1.005054816122978,0.6612903225806451,1.2298590227273793,0.5684615384615385
2,0.001,2.0,0.5872430604892772,0.5068481979789314,0.8039486097765493,0.3983516483516483,0.2541582689180479,0.7636789982135479,0.305110333778046,0.3701770677671328,1.0185072714282621,0.6806451612903226,1.241519114420964,0.5703846153846154
3,0.001,2.0,0.5488749175281316,0.47829420907156805,0.7058070950455718,0.4291208791208791,0.2541582673460573,0.7636789950695667,0.30511033613603195,0.37017706409915463,0.9540894954435287,0.6645161290322581,1.2029092355874869,0.5919230769230769
4,0.001,2.0,0.5314939194983178,0.465485446531694,0.660084701370407,0.44478021978021975,0.25415826813205256,0.7636789961175604,0.3051103392800132,0.3701770688151265,0.8705213746716899,0.7161290322580646,1.1210301182820246,0.6123076923076923
5,0.001,2.0,0.5148825710946388,0.45236463042405933,0.6251794154827411,0.4619505494505495,0.25415826813205256,0.7636789940215729,0.3051103324680538,0.370177066719139,0.8962990660821238,0.7064516129032258,1.1889561478908246,0.6111538461538462
6,0.001,2.0,0.4951032764309055,0.4377594338668572,0.5734384266884772,0.48131868131868133,0.2541582670840588,0.7636789919255854,0.30511033404004445,0.3701770656711453,0.9342631286190403,0.6774193548387096,1.190342583656311,0.6026923076923076
7,0.001,2.0,0.4741541680398878,0.4205377168707795,0.5361645078921056,0.49148351648351646,0.2541582676080557,0.7636789950695667,0.3051103377080226,0.37017706409915463,1.0817780517762707,0.6903225806451613,1.4400195275820218,0.5753846153846154
