epoch,train_loss,train_accuracy,val_loss,val_accuracy,test_loss,test_accuracy
1,1.8514944804893745,0.31909340659340657,3.3737808996631253,0.19032258064516128,3.4227374605032113,0.1626923076923077
2,1.5392967790037722,0.428021978021978,3.2723307824903918,0.267741935483871,3.376672209226168,0.24423076923076922
3,1.4236983815392295,0.47074175824175823,4.3591948109288365,0.19032258064516128,4.363409530933087,0.18807692307692309
4,1.34818594455719,0.5006868131868132,4.11428086065477,0.2,4.065853316967304,0.19615384615384615
5,1.2941889589959448,0.5258241758241758,2.862503139434322,0.3064516129032258,2.978272049977229,0.285
6,1.2413322721208846,0.5394230769230769,4.285430800530218,0.2,4.239442965434148,0.22884615384615384
7,1.2116637494537856,0.5528846153846154,4.430953908735706,0.24516129032258063,4.421945752363938,0.24576923076923077
8,1.157216038284721,0.5725274725274725,6.010516960390152,0.2161290322580645,5.98574973326463,0.19615384615384615
