epoch,lr,alpha,train_loss,mixed_loss,gold_stability_loss,train_accuracy,mean_r_prob,mean_r_sim,mean_gold_consistency,mean_control,val_loss,val_accuracy,test_loss,test_accuracy
1,0.001,2.0,0.7259042742488149,0.5555233265017415,0.8519047227534619,0.36236263736263735,0.25415826813205256,0.7636789929735791,0.30511033351604755,0.37017706409915463,0.9459491622063422,0.6774193548387096,1.208030356994042,0.5919230769230769
2,0.001,2.0,0.6367665158523308,0.5045501376246359,0.6610818697856022,0.4020604395604396,0.2541582689180479,0.7636790003095354,0.3051103332540491,0.3701770677671328,0.955708465268535,0.7032258064516129,1.2392401159726656,0.5857692307692308
3,0.001,2.0,0.5883269458026676,0.4765739149444706,0.5587651491820157,0.4381868131868132,0.2541582673460573,0.7636789961175604,0.30511033613603195,0.37017706409915463,1.0587315467096143,0.6548387096774193,1.3223975673088662,0.5957692307692307
4,0.001,2.0,0.5639662543495932,0.4643401793726198,0.4981303809763311,0.45233516483516484,0.25415826813205256,0.7636789961175604,0.3051103392800132,0.3701770693391234,0.8445978749182916,0.7258064516129032,1.1414287922932551,0.6319230769230769
5,0.001,2.0,0.5392976012858716,0.44925139467794817,0.450231027341151,0.46662087912087913,0.25415826813205256,0.7636789919255854,0.3051103319440569,0.370177066719139,1.0425915172023157,0.6709677419354839,1.3091215190520653,0.6107692307692307
6,0.001,2.0,0.5136512354180053,0.4353727732385908,0.39139230657409835,0.4822802197802198,0.2541582670840588,0.7636789919255854,0.3051103345640413,0.3701770651471484,0.8895794645432503,0.7129032258064516,1.2189932603102465,0.6230769230769231
7,0.001,2.0,0.48636560020865977,0.419185260953484,0.3359016924114018,0.49601648351648353,0.2541582676080557,0.7636789940215729,0.3051103377080226,0.37017706462315153,0.9383545917849387,0.7387096774193549,1.3211842010571406,0.6311538461538462
