epoch,lr,alpha,train_loss,mixed_loss,gold_stability_loss,train_accuracy,mean_r_prob,mean_r_sim,mean_gold_consistency,mean_control,val_loss,val_accuracy,test_loss,test_accuracy
1,0.001,2.0,0.4619887834721869,0.4619887834721869,0.7986805171756954,0.5506868131868132,0.4697048726972643,0.867217902298812,0.5094561681642638,0.5392421250814919,0.8938446698650238,0.6967741935483871,1.1466753563514123,0.6023076923076923
2,0.001,2.0,0.3636053258246118,0.3636053258246118,0.7098961315312229,0.6203296703296703,0.4697048742692549,0.8672178991548307,0.5094561660682763,0.5392421287494701,0.810001326376392,0.7064516129032258,1.0151972284683815,0.6434615384615384
3,0.001,2.0,0.32322350295035396,0.32322350295035396,0.6585616507373013,0.6543956043956044,0.46970487164927055,0.8672179033468058,0.50945616711627,0.5392421345134358,1.0732356986691876,0.6935483870967742,1.3635876761949979,0.5811538461538461
4,0.001,2.0,0.3043903560428829,0.3043903560428829,0.6632833914442376,0.6671703296703296,0.4697048700772799,0.8672179096347683,0.5094561686882606,0.5392421224615076,0.7531883801183393,0.7580645161290323,0.9587741224582379,0.6757692307692308
5,0.001,2.0,0.2776357646171863,0.2776357646171863,0.6395648767659953,0.6957417582417582,0.46970487374525804,0.8672179033468058,0.5094561686882606,0.5392421355614295,0.8446904520834646,0.7483870967741936,1.0301384415993324,0.6626923076923077
6,0.001,2.0,0.2665973242822584,0.2665973242822584,0.6580559384691846,0.7056318681318682,0.4697048747932518,0.867217902298812,0.5094561618763012,0.5392421224615076,0.7793489983004909,0.7483870967741936,1.0071560285641596,0.6765384615384615
7,0.001,2.0,0.23538010074542118,0.23538010074542118,0.6072605785432753,0.7343406593406593,0.469704869553283,0.8672178991548307,0.5094561650202825,0.5392421297974639,0.772900911300413,0.7580645161290323,1.0181204043901884,0.6638461538461539
