label,total,correct,accuracy
0,260,199,0.7653846153846153
1,260,113,0.4346153846153846
2,260,209,0.8038461538461539
3,260,155,0.5961538461538461
4,260,202,0.7769230769230769
5,260,112,0.4307692307692308
6,260,206,0.7923076923076923
7,260,173,0.6653846153846154
8,260,212,0.8153846153846154
9,260,178,0.6846153846153846
