epoch,lr,alpha,train_loss,mixed_loss,gold_stability_loss,train_accuracy,mean_r_prob,mean_r_sim,mean_gold_consistency,mean_control,val_loss,val_accuracy,test_loss,test_accuracy
1,0.001,2.0,0.8991489680258782,0.8026971310049623,0.9645183525242649,0.4495879120879121,0.29806848829919164,0.7697906420781062,0.5339295649266504,0.5741479653578538,0.9859135266273252,0.6612903225806451,1.2220532105519222,0.566923076923077
2,0.001,2.0,0.7614184435907301,0.6782208102090018,0.8319763647330987,0.5195054945054945,0.2980684872511979,0.7697906441740937,0.5339295602106786,0.5741479569739038,0.9464812840184857,0.667741935483871,1.1272934444134053,0.5919230769230769
3,0.001,2.0,0.6980950326709957,0.6245047488055386,0.7359028284366315,0.5528846153846154,0.2980684827972244,0.7697906378861312,0.5339295654506474,0.574147960117885,1.1607060532416067,0.6129032258064516,1.3639438992280226,0.5511538461538461
4,0.001,2.0,0.6577110345547016,0.5878783097633948,0.6983272455550812,0.5833791208791209,0.2980684851552104,0.7697906431261,0.5339295617826693,0.5741479590698912,0.8854364964269823,0.7161290322580646,1.1033298699672405,0.6111538461538462
5,0.001,2.0,0.6229662227106618,0.5567125609942845,0.6625366496515798,0.6026098901098901,0.2980684838452182,0.7697906378861312,0.5339295612586723,0.57414796430986,0.8886422303415114,0.7193548387096774,1.133530174952287,0.6061538461538462
6,0.001,2.0,0.5967636042898827,0.5341329593579848,0.6263064292760996,0.6186813186813187,0.29806848358321975,0.7697906378861312,0.5339295575906943,0.57414796430986,0.9643898087163125,0.6838709677419355,1.234749582364009,0.5953846153846154
7,0.001,2.0,0.5578959365467449,0.4975955401148115,0.603003971524291,0.642445054945055,0.29806848620320414,0.7697906378861312,0.5339295638786568,0.5741479705978226,1.0453086337735575,0.6870967741935484,1.3189062061676613,0.5953846153846154
