epoch,lr,alpha,train_loss,mixed_loss,gold_stability_loss,train_accuracy,mean_r_prob,mean_r_sim,mean_gold_consistency,mean_control,val_loss,val_accuracy,test_loss,test_accuracy
1,0.001,2.0,0.5557476407879002,0.5557476407879002,0.9977295405262119,0.3637362637362637,0.2635594857918037,0.7667364372001899,0.3138771756664737,0.3762744657285921,1.174652019623787,0.5516129032258065,1.3751112402402437,0.515
2,0.001,2.0,0.5026934741617559,0.5026934741617559,1.0019424941513564,0.4037087912087912,0.2635594852678068,0.7667364361521962,0.31387717592847214,0.3762744610126202,1.1230697055016794,0.5967741935483871,1.3263792529472938,0.536923076923077
3,0.001,2.0,0.48217239098234493,0.48217239098234493,1.0279275543087132,0.42046703296703297,0.26355948657779904,0.7667364372001899,0.31387717697646594,0.37627445996462644,1.4001300488748858,0.5258064516129032,1.5518879054142878,0.4930769230769231
4,0.001,2.0,0.46159513009773506,0.46159513009773506,1.0084710208924261,0.4487637362637363,0.26355948395781464,0.7667364340562087,0.3138771754044753,0.3762744631086077,1.2489330576312156,0.5225806451612903,1.4625971746444701,0.48
5,0.001,2.0,0.45433995265227095,0.45433995265227095,1.030353986299955,0.4554945054945055,0.2635594852678068,0.7667364288162399,0.31387717854845654,0.37627446258461084,1.1876978005132368,0.5935483870967742,1.4111525088090162,0.5153846153846153
