label,total,correct,accuracy
0,260,226,0.8692307692307693
1,260,189,0.7269230769230769
2,260,212,0.8153846153846154
3,260,148,0.5692307692307692
4,260,182,0.7
5,260,161,0.6192307692307693
6,260,174,0.6692307692307692
7,260,196,0.7538461538461538
8,260,233,0.8961538461538462
9,260,175,0.6730769230769231
