epoch,lr,alpha,train_loss,mixed_loss,gold_stability_loss,train_accuracy,mean_r_prob,mean_r_sim,mean_gold_consistency,mean_control,val_loss,val_accuracy,test_loss,test_accuracy
1,0.001,2.0,0.45154480501845645,0.45154480501845645,0.7303209024471241,0.5630494505494505,0.495378849532578,0.8644030916821825,0.532281259390024,0.553505119910607,0.750095417422633,0.7161290322580646,1.008932811663701,0.6511538461538462
2,0.001,2.0,0.3545512549169771,0.3545512549169771,0.6352097927869021,0.6304945054945055,0.49537884376861235,0.8644030874902076,0.5322812630580022,0.5535051167666257,0.6232708596414135,0.7806451612903226,0.9511008464373075,0.675
3,0.001,2.0,0.3234387950582819,0.3234387950582819,0.6242371802801614,0.6510989010989011,0.49537884848458424,0.8644030916821825,0.5322812562460427,0.5535051104786631,0.7184435479102597,0.7580645161290323,1.0307439514306875,0.6592307692307692
4,0.001,2.0,0.2826912474501264,0.2826912474501264,0.5988286593458154,0.6940934065934066,0.49537884691259365,0.8644030948261638,0.5322812588660272,0.5535051115266569,0.6851624250411987,0.7709677419354839,0.9935152064836942,0.6688461538461539
5,0.001,2.0,0.2684508761861822,0.2684508761861822,0.6119322089048532,0.7024725274725274,0.495378845340603,0.8644030885382012,0.5322812588660272,0.5535051083826756,0.6311220507467946,0.7806451612903226,0.9795560136208168,0.6696153846153846
