label,total,correct,accuracy
0,260,200,0.7692307692307693
1,260,140,0.5384615384615384
2,260,231,0.8884615384615384
3,260,148,0.5692307692307692
4,260,197,0.7576923076923077
5,260,184,0.7076923076923077
6,260,196,0.7538461538461538
7,260,129,0.49615384615384617
8,260,195,0.75
9,260,157,0.6038461538461538
