label,total,correct,accuracy
0,260,220,0.8461538461538461
1,260,180,0.6923076923076923
2,260,224,0.8615384615384616
3,260,198,0.7615384615384615
4,260,173,0.6653846153846154
5,260,129,0.49615384615384617
6,260,169,0.65
7,260,186,0.7153846153846154
8,260,239,0.9192307692307692
9,260,199,0.7653846153846153
