label,total,correct,accuracy
0,260,200,0.7692307692307693
1,260,173,0.6653846153846154
2,260,229,0.8807692307692307
3,260,159,0.6115384615384616
4,260,113,0.4346153846153846
5,260,138,0.5307692307692308
6,260,145,0.5576923076923077
7,260,163,0.6269230769230769
8,260,176,0.676923076923077
9,260,200,0.7692307692307693
