label,total,correct,accuracy
0,260,218,0.8384615384615385
1,260,143,0.55
2,260,211,0.8115384615384615
3,260,166,0.6384615384615384
4,260,138,0.5307692307692308
5,260,88,0.3384615384615385
6,260,141,0.5423076923076923
7,260,200,0.7692307692307693
8,260,215,0.8269230769230769
9,260,214,0.823076923076923
