epoch,lr,alpha,train_loss,mixed_loss,gold_stability_loss,train_accuracy,mean_r_prob,mean_r_sim,mean_gold_consistency,mean_control,val_loss,val_accuracy,test_loss,test_accuracy
1,0.001,2.0,1.5152567041036167,1.2950651161511977,1.4679438828887026,0.2675766641735228,0.19152807743583228,0.8370955701897905,0.38519833350056754,0.43238562082477533,1.9698184746414868,0.5298507462686567,2.354437714170667,0.4276114844227245
2,0.001,2.0,1.2767793711389102,1.0975921491053715,1.1945814358804685,0.3444278234854151,0.1915280767225381,0.8370955687632022,0.3851983342138617,0.432385619398187,1.803409928706155,0.5074626865671642,2.13944714682526,0.4715943799633476
3,0.001,2.0,1.1590154685453415,1.0044315464031188,1.0305594111790652,0.3954749439042633,0.19152807904074418,0.8370955716163789,0.3851983377803326,0.43238562011148113,1.713883415976567,0.5074626865671642,2.0584947759229815,0.48564447159437996
4,0.001,2.0,1.0728976374342982,0.9365802148249761,0.9087827185150751,0.42464472700074796,0.19152807886242065,0.8370955773227323,0.38519833278727333,0.4323856186848928,1.6466582853402665,0.5671641791044776,1.9312526431838113,0.5070250458155162
5,0.001,2.0,0.98521818125881,0.866250548241472,0.7931175206968297,0.4644727000747943,0.19152807565259683,0.8370955744695556,0.3851983356404501,0.43238562082477533,1.5035511433188595,0.5970149253731343,1.8937913034482197,0.516188149053146
6,0.001,2.0,0.9220418956802242,0.817676806547968,0.6957672331523966,0.4919596110695587,0.19152807743583228,0.8370955744695556,0.38519833350056754,0.43238562011148113,1.57653514484861,0.5597014925373134,1.8646055838649567,0.5320708613317043
7,0.001,2.0,0.8701135351663217,0.774836174881806,0.6351823989544328,0.5160807778608826,0.19152807814912645,0.8370955730429673,0.38519833350056754,0.432385619398187,1.5267795680174188,0.5671641791044776,1.8145812516104687,0.5412339645693341
8,0.001,2.0,0.818402055536711,0.7321366760029931,0.5751025297789762,0.5330964846671653,0.19152807779247938,0.8370955716163789,0.3851983377803326,0.432385619398187,1.5410141775857156,0.5597014925373134,1.8168130768605246,0.5284056200366524
