label,total,correct,accuracy
0,260,226,0.8692307692307693
1,260,179,0.6884615384615385
2,260,220,0.8461538461538461
3,260,134,0.5153846153846153
4,260,141,0.5423076923076923
5,260,56,0.2153846153846154
6,260,180,0.6923076923076923
7,260,144,0.5538461538461539
8,260,182,0.7
9,260,186,0.7153846153846154
