epoch,lr,alpha,train_loss,mixed_loss,gold_stability_loss,train_accuracy,mean_r_prob,mean_r_sim,mean_gold_consistency,mean_control,val_loss,val_accuracy,test_loss,test_accuracy
1,0.001,2.0,0.8626304982131153,0.7261303434553839,1.3650015276050782,0.2636499626028422,0.19891972602439087,0.8349858671315321,0.19891972602439087,0.2948878601405187,1.978482445674156,0.4925373134328358,2.388485476966303,0.4129505192425168
2,0.001,2.0,0.706296401676529,0.5985081317537118,1.0778826809945887,0.34367988032909497,0.1989197249544496,0.8349858699847088,0.1989197249544496,0.2948878597838716,1.7739226248726916,0.47761194029850745,2.153655953718965,0.46182040317654244
3,0.001,2.0,0.6369167296585078,0.5431355895305982,0.9378113919171096,0.38855646970830215,0.19891972584606732,0.8349858685581204,0.19891972584606732,0.29488785621740077,1.6996161777581742,0.5522388059701493,2.060428752357376,0.48259010384850337
4,0.001,2.0,0.5842794142468437,0.5041510064653612,0.801284046251558,0.4212789827973074,0.1989197249544496,0.8349858614251786,0.1989197249544496,0.29488786192375416,1.6306581514984815,0.5671641791044776,1.9496912955509575,0.499083689676237
5,0.001,2.0,0.5340581142197997,0.46484503883341843,0.6921308115514785,0.4575542258788332,0.19891972424115542,0.8349858642783554,0.19891972424115542,0.29488786192375416,1.4844003239674355,0.5895522388059702,1.8646419632340177,0.5216860109957239
6,0.001,2.0,0.49670454944437264,0.4365542587854119,0.6015028815351499,0.4826103216155572,0.1989197253110967,0.8349858642783554,0.1989197253110967,0.29488786192375416,1.5293223555408306,0.6044776119402985,1.8389018781314772,0.5339034819792303
7,0.001,2.0,0.46719004518074514,0.41369441784667543,0.5349562586067146,0.5013089005235603,0.1989197256677438,0.8349858614251786,0.1989197256677438,0.29488786156710706,1.5054298479165604,0.5970149253731343,1.8042935233474433,0.5442883323152108
8,0.001,2.0,0.44037136807759125,0.39101546182504054,0.4935590726007877,0.5201944652206433,0.19891972638103797,0.8349858642783554,0.19891972638103797,0.2948878604971658,1.5143853141300714,0.5895522388059702,1.8294356176601216,0.5345143555284056
