label,total,correct,accuracy
0,260,217,0.8346153846153846
1,260,197,0.7576923076923077
2,260,228,0.8769230769230769
3,260,131,0.5038461538461538
4,260,156,0.6
5,260,70,0.2692307692307692
6,260,201,0.7730769230769231
7,260,171,0.6576923076923077
8,260,190,0.7307692307692307
9,260,159,0.6115384615384616
