epoch,lr,alpha,train_loss,mixed_loss,gold_stability_loss,train_accuracy,mean_r_prob,mean_r_sim,mean_gold_consistency,mean_control,val_loss,val_accuracy,test_loss,test_accuracy
1,0.001,2.0,0.5016664437540285,0.38865304923319555,0.7534226252482488,0.4489010989010989,0.29049443858010426,0.7827677967784169,0.29049443858010426,0.36270302049406283,0.8785931202673143,0.7096774193548387,1.1624419520451472,0.6061538461538462
2,0.001,2.0,0.4178809761346042,0.32818238047453074,0.5979906137172992,0.5152472527472527,0.2904944359601199,0.7827677957304231,0.2904944359601199,0.36270301787407844,0.8051969705089446,0.7258064516129032,1.0960907396903405,0.6346153846153846
3,0.001,2.0,0.38403754365313186,0.30437114513837377,0.5311092933455667,0.5416208791208791,0.29049443700811367,0.7827677946824294,0.29049443700811367,0.3627030210180597,0.9982590183135002,0.6838709677419355,1.3983366328019362,0.5926923076923077
4,0.001,2.0,0.3589420607456794,0.28655684478990323,0.4825680836216434,0.5605769230769231,0.290494435436123,0.7827677967784169,0.290494435436123,0.36270301839807534,0.931156486849631,0.6903225806451613,1.2414290534532988,0.6115384615384616
5,0.001,2.0,0.33192911685168086,0.26870568591159777,0.4214895379412305,0.5858516483516484,0.29049443622211835,0.7827677957304231,0.29049443622211835,0.3627030210180597,1.0054234147071839,0.6838709677419355,1.3895703242375301,0.6026923076923076
