label,total,correct,accuracy
0,260,202,0.7769230769230769
1,260,195,0.75
2,260,203,0.7807692307692308
3,260,161,0.6192307692307693
4,260,195,0.75
5,260,128,0.49230769230769234
6,260,194,0.7461538461538462
7,260,146,0.5615384615384615
8,260,218,0.8384615384615385
9,260,210,0.8076923076923077
