label,total,correct,accuracy
0,260,223,0.8576923076923076
1,260,208,0.8
2,260,213,0.8192307692307692
3,260,139,0.5346153846153846
4,260,196,0.7538461538461538
5,260,134,0.5153846153846153
6,260,203,0.7807692307692308
7,260,174,0.6692307692307692
8,260,226,0.8692307692307693
9,260,182,0.7
