label,total,correct,accuracy
0,260,209,0.8038461538461539
1,260,193,0.7423076923076923
2,260,221,0.85
3,260,175,0.6730769230769231
4,260,128,0.49230769230769234
5,260,145,0.5576923076923077
6,260,144,0.5538461538461539
7,260,157,0.6038461538461538
8,260,210,0.8076923076923077
9,260,181,0.6961538461538461
