label,total,correct,accuracy
0,260,218,0.8384615384615385
1,260,166,0.6384615384615384
2,260,218,0.8384615384615385
3,260,145,0.5576923076923077
4,260,203,0.7807692307692308
5,260,167,0.6423076923076924
6,260,188,0.7230769230769231
7,260,152,0.5846153846153846
8,260,202,0.7769230769230769
9,260,205,0.7884615384615384
