epoch,lr,alpha,train_loss,mixed_loss,gold_stability_loss,train_accuracy,mean_r_prob,mean_r_sim,mean_gold_consistency,mean_control,val_loss,val_accuracy,test_loss,test_accuracy
1,0.001,2.0,1.2647172421239254,1.054031145153602,1.4045739057978857,0.2572924457741212,0.1675895196605103,0.8194808703175034,0.29796779307306215,0.35874314119143547,1.9901835776087065,0.5,2.3915580817672923,0.41905925473427
2,0.001,2.0,1.0599585497834028,0.8922234419663628,1.1182340336719732,0.32946896035901274,0.16758951912553968,0.819480868890915,0.2979677937863563,0.3587431390515529,1.8217373161173578,0.5149253731343284,2.1837703001957953,0.4526572999389126
3,0.001,2.0,0.9561601173280332,0.8160159740326738,0.93429425646319,0.3756544502617801,0.1675895180555984,0.819480868890915,0.2979677937863563,0.35874314190472967,1.8271257646048247,0.5149253731343284,2.154619801969301,0.4593769089798412
4,0.001,2.0,0.888590489025872,0.7668714599102936,0.8114601539513382,0.4050112191473448,0.16758951876889258,0.8194808745972684,0.29796779307306215,0.358743143331318,1.7175695202243861,0.5671641791044776,2.017137853707492,0.4935858277336591
5,0.001,2.0,0.8121563420424108,0.7105671787939593,0.6772610534904783,0.4455871353777113,0.16758951930386323,0.8194808603313848,0.2979677952129447,0.3587431397648471,1.5497016070494012,0.5970149253731343,1.9036380536103292,0.5174098961514967
6,0.001,2.0,0.7571460150834243,0.6697716402668693,0.5824958005099485,0.46578160059835455,0.16758951948218678,0.8194808745972684,0.29796779592623884,0.3587431426180238,1.6443999703250713,0.5671641791044776,1.9669969268302474,0.527794746487477
7,0.001,2.0,0.7152793631682043,0.6366162253299933,0.5244208594802252,0.4927075542258788,0.16758951859056906,0.8194808631845616,0.29796779307306215,0.35874313762496457,1.6085357639326978,0.5746268656716418,1.877989651957298,0.531459987782529
8,0.001,2.0,0.6654393519139058,0.5958216092260186,0.46411826745199464,0.5181376215407629,0.1675895200171574,0.8194808660377383,0.29796779663953304,0.35874314119143547,1.7745095936220083,0.5597014925373134,2.0203526351389245,0.5051924251679902
