label,total,correct,accuracy
0,260,228,0.8769230769230769
1,260,162,0.6230769230769231
2,260,226,0.8692307692307693
3,260,116,0.4461538461538462
4,260,130,0.5
5,260,134,0.5153846153846153
6,260,197,0.7576923076923077
7,260,153,0.5884615384615385
8,260,185,0.7115384615384616
9,260,167,0.6423076923076924
