label,total,correct,accuracy
0,260,182,0.7
1,260,162,0.6230769230769231
2,260,225,0.8653846153846154
3,260,81,0.31153846153846154
4,260,102,0.3923076923076923
5,260,152,0.5846153846153846
6,260,167,0.6423076923076924
7,260,153,0.5884615384615385
8,260,184,0.7076923076923077
9,260,148,0.5692307692307692
