label,total,correct,accuracy
0,260,199,0.7653846153846153
1,260,135,0.5192307692307693
2,260,209,0.8038461538461539
3,260,163,0.6269230769230769
4,260,175,0.6730769230769231
5,260,109,0.41923076923076924
6,260,175,0.6730769230769231
7,260,150,0.5769230769230769
8,260,202,0.7769230769230769
9,260,208,0.8
