label,total,correct,accuracy
0,260,95,0.36538461538461536
1,260,30,0.11538461538461539
2,260,244,0.9384615384615385
3,260,25,0.09615384615384616
4,260,2,0.007692307692307693
5,260,28,0.1076923076923077
6,260,38,0.14615384615384616
7,260,4,0.015384615384615385
8,260,121,0.4653846153846154
9,260,62,0.23846153846153847
