label,total,correct,accuracy
0,260,202,0.7769230769230769
1,260,157,0.6038461538461538
2,260,225,0.8653846153846154
3,260,84,0.3230769230769231
4,260,123,0.47307692307692306
5,260,114,0.43846153846153846
6,260,184,0.7076923076923077
7,260,182,0.7
8,260,203,0.7807692307692308
9,260,161,0.6192307692307693
