label,total,correct,accuracy
0,260,193,0.7423076923076923
1,260,149,0.573076923076923
2,260,175,0.6730769230769231
3,260,137,0.5269230769230769
4,260,186,0.7153846153846154
5,260,108,0.4153846153846154
6,260,199,0.7653846153846153
7,260,99,0.38076923076923075
8,260,198,0.7615384615384615
9,260,218,0.8384615384615385
