label,total,correct,accuracy
0,260,224,0.8615384615384616
1,260,165,0.6346153846153846
2,260,207,0.7961538461538461
3,260,146,0.5615384615384615
4,260,171,0.6576923076923077
5,260,89,0.3423076923076923
6,260,206,0.7923076923076923
7,260,193,0.7423076923076923
8,260,213,0.8192307692307692
9,260,187,0.7192307692307692
