label,total,correct,accuracy
0,260,214,0.823076923076923
1,260,172,0.6615384615384615
2,260,229,0.8807692307692307
3,260,158,0.6076923076923076
4,260,163,0.6269230769230769
5,260,117,0.45
6,260,163,0.6269230769230769
7,260,177,0.6807692307692308
8,260,184,0.7076923076923077
9,260,185,0.7115384615384616
