epoch,lr,alpha,train_loss,mixed_loss,gold_stability_loss,train_accuracy,mean_r_prob,mean_r_sim,mean_gold_consistency,mean_control,val_loss,val_accuracy,test_loss,test_accuracy
1,0.001,2.0,1.2352655979303213,1.0134371943526215,0.8873135552301512,0.4449175824175824,0.3781329469366388,0.869600282396589,0.6238666167626015,0.6466746864738045,0.9516671488361974,0.7,1.1613353773263784,0.595
2,0.001,2.0,1.0998930574773431,0.9118543394319304,0.7521548703476623,0.49945054945054945,0.37813294536464814,0.8696002782046139,0.6238666136186202,0.646674680185842,0.8735668997610769,0.7096774193548387,1.0859367955647983,0.6253846153846154
3,0.001,2.0,1.0280676907235449,0.8605174406544193,0.6702010251663544,0.5306318681318681,0.37813294536464814,0.8696002782046139,0.6238666178105952,0.6466746875217982,0.8045162520100994,0.7322580645161291,0.9769232175900386,0.6753846153846154
4,0.001,2.0,0.9849881853376116,0.8290669366553589,0.6236850133308998,0.5526098901098901,0.37813294326866065,0.8696002834445827,0.6238666104746389,0.6466746959057483,0.692144327394424,0.7741935483870968,0.93536474778102,0.6711538461538461
5,0.001,2.0,0.9408454234783467,0.79984612595904,0.5639972033081474,0.5657967032967033,0.37813294536464814,0.8696002855405702,0.6238666104746389,0.6466746791378483,0.7773114604334678,0.7354838709677419,0.9491824106069712,0.6865384615384615
6,0.001,2.0,0.9069642203194754,0.7735314331211887,0.5337311401471987,0.5787087912087913,0.37813294798463254,0.8696002855405702,0.6238666104746389,0.646674684377817,0.7681193763209927,0.7483870967741936,0.99358102615063,0.661923076923077
7,0.001,2.0,0.8531250182088915,0.7309814168856694,0.48857439546794684,0.6041208791208791,0.37813294588864504,0.8696002782046139,0.6238666157146077,0.646674688569792,0.6942240807317919,0.7774193548387097,0.91634275161303,0.6934615384615385
