epoch,train_loss,train_accuracy,val_loss,val_accuracy,test_loss,test_accuracy
1,2.1627390984650496,0.23598901098901098,2.291057792786629,0.2,2.369116802215576,0.195
2,1.9694105756151807,0.2980769230769231,2.091439783957697,0.267741935483871,2.161442121359018,0.23961538461538462
3,1.8971369017611492,0.34766483516483515,2.221984746379237,0.27419354838709675,2.355442077196561,0.2353846153846154
4,1.8478458249961938,0.36538461538461536,2.907712302669402,0.18064516129032257,2.9181970068124623,0.16923076923076924
5,1.8089615557219956,0.38832417582417583,2.2070686970987627,0.3096774193548387,2.25108032813439,0.2803846153846154
