label,total,correct,accuracy
0,260,92,0.35384615384615387
1,260,38,0.14615384615384616
2,260,243,0.9346153846153846
3,260,2,0.007692307692307693
4,260,2,0.007692307692307693
5,260,17,0.06538461538461539
6,260,50,0.19230769230769232
7,260,72,0.27692307692307694
8,260,54,0.2076923076923077
9,260,53,0.20384615384615384
