label,total,correct,accuracy
0,260,207,0.7961538461538461
1,260,163,0.6269230769230769
2,260,204,0.7846153846153846
3,260,123,0.47307692307692306
4,260,128,0.49230769230769234
5,260,105,0.40384615384615385
6,260,170,0.6538461538461539
7,260,209,0.8038461538461539
8,260,218,0.8384615384615385
9,260,184,0.7076923076923077
