epoch,lr,alpha,train_loss,mixed_loss,gold_stability_loss,train_accuracy,mean_r_prob,mean_r_sim,mean_gold_consistency,mean_control,val_loss,val_accuracy,test_loss,test_accuracy
1,0.001,2.0,0.5767951553994483,0.4932007542023292,0.8359439986092704,0.4504120879120879,0.29049443858010426,0.7827677946824294,0.364335452069293,0.418074309694898,0.9323464881989264,0.6741935483870968,1.1872445304577168,0.5930769230769231
2,0.001,2.0,0.49011962819885424,0.4205635593487666,0.6955606928238502,0.5171703296703297,0.2904944359601199,0.7827677936344356,0.3643354515452961,0.418074313886873,0.8069806514247772,0.7161290322580646,1.0738136882048386,0.6223076923076923
3,0.001,2.0,0.45127602029632735,0.38764118696307087,0.6363483165646647,0.5505494505494506,0.29049443700811367,0.7827677915384481,0.3643354510212993,0.4180743123148824,1.1973253334722211,0.5967741935483871,1.5589394330978394,0.5376923076923077
4,0.001,2.0,0.4253611656335684,0.36577688717580104,0.5958427662377829,0.5642857142857143,0.290494435436123,0.7827677925864419,0.36433545311728677,0.41807431126688865,0.9690013954716344,0.6580645161290323,1.267304969567519,0.5919230769230769
5,0.001,2.0,0.4002100233193282,0.344673856143113,0.5553616741201379,0.5940934065934066,0.29049443622211835,0.7827677915384481,0.36433545049730237,0.4180743091709011,0.9763195626197323,0.6967741935483871,1.3244895472893348,0.5888461538461538
