label,total,correct,accuracy
0,260,213,0.8192307692307692
1,260,165,0.6346153846153846
2,260,208,0.8
3,260,153,0.5884615384615385
4,260,117,0.45
5,260,127,0.48846153846153845
6,260,194,0.7461538461538462
7,260,164,0.6307692307692307
8,260,217,0.8346153846153846
9,260,190,0.7307692307692307
