label,total,correct,accuracy
0,260,232,0.8923076923076924
1,260,184,0.7076923076923077
2,260,217,0.8346153846153846
3,260,151,0.5807692307692308
4,260,183,0.7038461538461539
5,260,158,0.6076923076923076
6,260,211,0.8115384615384615
7,260,178,0.6846153846153846
8,260,215,0.8269230769230769
9,260,203,0.7807692307692308
