epoch,lr,alpha,train_loss,mixed_loss,gold_stability_loss,train_accuracy,mean_r_prob,mean_r_sim,mean_gold_consistency,mean_control,val_loss,val_accuracy,test_loss,test_accuracy
1,0.001,2.0,0.9208952626029213,0.7573553977431832,0.8176993140807518,0.5151098901098901,0.3177616098424891,0.8540660679995359,0.5859138478289594,0.6178389821733747,0.9535504610307755,0.6903225806451613,1.2007722583183875,0.5711538461538461
2,0.001,2.0,0.7525219647438972,0.6218448641536,0.6533854937815404,0.5975274725274725,0.31776160827049843,0.8540660774314797,0.5859138425889906,0.6178389758854121,0.8260132182028985,0.7,1.0381177432720479,0.6242307692307693
3,0.001,2.0,0.6799372132007893,0.5629420128497449,0.5849759940262679,0.6317307692307692,0.31776160827049843,0.8540660858154296,0.5859138394450093,0.617838972741431,0.8161797846517255,0.7225806451612903,1.1036452311735887,0.6153846153846154
4,0.001,2.0,0.6278085707308172,0.5209148815699987,0.5344684595590109,0.6572802197802198,0.31776160774650153,0.8540660700955234,0.5859138436369844,0.6178389779813998,0.8318614782825593,0.7064516129032258,1.0851439967522254,0.63
5,0.001,2.0,0.5771694196449532,0.47920683137663117,0.4898129247047089,0.6873626373626374,0.3177616066985078,0.8540660774314797,0.5859138436369844,0.617838976933406,0.7101130358634457,0.7548387096774194,0.9672660160064698,0.66
6,0.001,2.0,0.5492704945606189,0.45604052176842325,0.46614986199599046,0.7016483516483516,0.3177616066985078,0.8540660774314797,0.5859138373490218,0.6178389779813998,0.6780825411119769,0.7419354838709677,0.9717175584573012,0.6496153846153846
7,0.001,2.0,0.5142337720472734,0.42918631368941,0.4252372777069008,0.7195054945054945,0.3177616108904828,0.8540660784794734,0.5859138404930031,0.617838976933406,0.7611416201437673,0.7322580645161291,1.010110439153818,0.6496153846153846
8,0.001,2.0,0.4769949056290008,0.396848573920491,0.4007316401371589,0.7357142857142858,0.3177616093184922,0.8540660763834859,0.5859138457329719,0.6178389790293934,0.77335004960337,0.7612903225806451,1.0116874779187717,0.6623076923076923
9,0.001,2.0,0.4385820196225093,0.3674433674131121,0.35569325528302037,0.7578296703296703,0.3177616074845031,0.8540660784794734,0.5859138425889906,0.617838976933406,0.7034909482925169,0.7612903225806451,0.9590493425956139,0.6726923076923077
