label,total,correct,accuracy
0,260,219,0.8423076923076923
1,260,159,0.6115384615384616
2,260,232,0.8923076923076924
3,260,156,0.6
4,260,154,0.5923076923076923
5,260,113,0.4346153846153846
6,260,152,0.5846153846153846
7,260,187,0.7192307692307692
8,260,199,0.7653846153846153
9,260,178,0.6846153846153846
