epoch,lr,alpha,train_loss,mixed_loss,gold_stability_loss,train_accuracy,mean_r_prob,mean_r_sim,mean_gold_consistency,mean_control,val_loss,val_accuracy,test_loss,test_accuracy
1,0.001,2.0,1.965461370386824,1.7906393443102613,1.748220232233862,0.25953627524308154,0.19891972602439087,0.8349858685581204,0.5169527956863438,0.5547420584451109,2.1609131791698397,0.4626865671641791,2.480892977047491,0.4043982895540623
2,0.001,2.0,1.6758076309176997,1.526382685688421,1.4942494488154763,0.343866866118175,0.1989197249544496,0.8349858699847088,0.5169527978262263,0.5547420584451109,1.9267518200091462,0.4925373134328358,2.1628444643376,0.4703726328649969
3,0.001,2.0,1.5333391844379252,1.3968286607902087,1.3651052847136824,0.40033657442034404,0.19891972584606732,0.8349858699847088,0.5169527921198729,0.554742062724876,1.9163979274123462,0.5149253731343284,2.115382962352121,0.47953573610262673
4,0.001,2.0,1.4279713486234198,1.301301117788613,1.2667023115578924,0.43025430067314885,0.1989197249544496,0.834985862851767,0.516952800679403,0.5547420541653458,1.771759090138905,0.5597014925373134,1.9845008442295566,0.4972510690287111
5,0.001,2.0,1.318060924156263,1.2021393784856118,1.1592153792249327,0.4693343305908751,0.19891972424115542,0.8349858642783554,0.5169527899799903,0.5547420541653458,1.6229112913359458,0.5970149253731343,1.8691378844971327,0.531459987782529
6,0.001,2.0,1.244090193229196,1.1354856739850212,1.0860451596747964,0.49345549738219896,0.1989197253110967,0.8349858642783554,0.5169527921198729,0.55474205487864,1.7126062378954532,0.5447761194029851,1.8630453780721292,0.5369578497251069
7,0.001,2.0,1.1790527788310596,1.077498634894035,1.0155414144495305,0.5198204936424832,0.1989197256677438,0.8349858599985903,0.5169527985395205,0.5547420563052283,1.6622210136100428,0.5373134328358209,1.8327626098418426,0.5308491142333537
8,0.001,2.0,1.1068124274932902,1.0107349419468985,0.9607748575146374,0.537771129394166,0.19891972638103797,0.8349858642783554,0.5169527999661089,0.55474205487864,1.685219957757352,0.5746268656716418,1.8323127425292243,0.5308491142333537
