epoch,lr,alpha,train_loss,mixed_loss,gold_stability_loss,train_accuracy,mean_r_prob,mean_r_sim,mean_gold_consistency,mean_control,val_loss,val_accuracy,test_loss,test_accuracy
1,0.001,2.0,0.6156781383923122,0.5425757400282136,0.7310239943829212,0.3745879120879121,0.2635594857918037,0.7667364392961774,0.3138771756664737,0.3762744657285921,0.8236030567076899,0.7129032258064516,1.1296658460910505,0.6011538461538461
2,0.001,2.0,0.5532635637692043,0.4907567292779357,0.6250683050889235,0.41662087912087914,0.2635594852678068,0.7667364361521962,0.3138771748804784,0.3762744615366171,0.9083724721785514,0.6580645161290323,1.169693737763625,0.5980769230769231
3,0.001,2.0,0.5316849618167667,0.4711791076502957,0.6050585385207291,0.44478021978021975,0.26355948657779904,0.7667364392961774,0.31387717645246904,0.37627445944062954,1.0383550782357494,0.6580645161290323,1.3329746154638438,0.5573076923076923
4,0.001,2.0,0.5072491639918023,0.4519538613466116,0.552952986235147,0.4592032967032967,0.26355948395781464,0.7667364361521962,0.31387717592847214,0.3762744636326046,1.0467053051917783,0.6580645161290323,1.398355618256789,0.5803846153846154
