label,total,correct,accuracy
0,260,120,0.46153846153846156
1,260,0,0.0
2,260,85,0.3269230769230769
3,260,14,0.05384615384615385
4,260,53,0.20384615384615384
5,260,70,0.2692307692307692
6,260,127,0.48846153846153845
7,260,36,0.13846153846153847
8,260,26,0.1
9,260,184,0.7076923076923077
