epoch,lr,alpha,train_loss,mixed_loss,gold_stability_loss,train_accuracy,mean_r_prob,mean_r_sim,mean_gold_consistency,mean_control,val_loss,val_accuracy,test_loss,test_accuracy
1,0.001,2.0,0.8670515735070784,0.7768962636098757,0.9015530963520427,0.498489010989011,0.3177616098424891,0.8540660669515421,0.5859138478289594,0.6178389800773872,1.0047152596135294,0.6516129032258065,1.2464451954914972,0.5561538461538461
2,0.001,2.0,0.7045338064759642,0.6299162458587478,0.7461756086611486,0.5909340659340659,0.31776160827049843,0.8540660753354922,0.5859138383970156,0.6178389737894247,0.8348853980341265,0.7161290322580646,1.0500733122458825,0.62
3,0.001,2.0,0.654942411511809,0.5855702508936872,0.6937216116831852,0.6175824175824176,0.31776160827049843,0.8540660784794734,0.5859138373490218,0.6178389737894247,0.8517567480764081,0.7064516129032258,1.1406672752820528,0.6011538461538461
4,0.001,2.0,0.5996077213968549,0.5355100163391658,0.6409770818857047,0.6520604395604396,0.31776160774650153,0.8540660659035484,0.5859138415409968,0.6178389779813998,0.7851041186240412,0.7258064516129032,1.04318559719966,0.6342307692307693
5,0.001,2.0,0.5505128785804078,0.49036035053022614,0.601525243298038,0.6813186813186813,0.3177616066985078,0.8540660732395047,0.5859138425889906,0.6178389748374185,0.7499063280320937,0.7322580645161291,0.980411986204294,0.6588461538461539
6,0.001,2.0,0.535066191311721,0.4752675907952445,0.5979859872178717,0.6837912087912088,0.3177616066985078,0.8540660742874984,0.5859138352530343,0.617838976933406,0.6935705215700211,0.7451612903225806,1.0081787597216092,0.6434615384615384
7,0.001,2.0,0.500633242890075,0.44522955830280597,0.554036814563877,0.7082417582417583,0.3177616108904828,0.8540660753354922,0.5859138383970156,0.6178389758854121,0.762215224389107,0.7096774193548387,1.004267258644104,0.655
8,0.001,2.0,0.4726890410040761,0.41753604398978933,0.5515299557329534,0.7248626373626373,0.3177616093184922,0.8540660721915109,0.5859138446849781,0.6178389758854121,0.7041291213804676,0.7612903225806451,0.9308711803876437,0.6846153846153846
9,0.001,2.0,0.4363057089375926,0.3859143327225696,0.5039137487883096,0.7416208791208792,0.3177616074845031,0.8540660774314797,0.5859138394450093,0.6178389748374185,0.75252539496268,0.7516129032258064,0.9992353659409743,0.66
