label,total,correct,accuracy
0,260,213,0.8192307692307692
1,260,137,0.5269230769230769
2,260,236,0.9076923076923077
3,260,140,0.5384615384615384
4,260,163,0.6269230769230769
5,260,160,0.6153846153846154
6,260,159,0.6115384615384616
7,260,167,0.6423076923076924
8,260,225,0.8653846153846154
9,260,180,0.6923076923076923
