label,total,correct,accuracy
0,260,159,0.6115384615384616
1,260,66,0.25384615384615383
2,260,177,0.6807692307692308
3,260,29,0.11153846153846154
4,260,29,0.11153846153846154
5,260,110,0.4230769230769231
6,260,104,0.4
7,260,192,0.7384615384615385
8,260,202,0.7769230769230769
9,260,155,0.5961538461538461
