label,total,correct,accuracy
0,260,215,0.8269230769230769
1,260,140,0.5384615384615384
2,260,180,0.6923076923076923
3,260,135,0.5192307692307693
4,260,198,0.7615384615384615
5,260,77,0.29615384615384616
6,260,193,0.7423076923076923
7,260,142,0.5461538461538461
8,260,225,0.8653846153846154
9,260,180,0.6923076923076923
