label,total,correct,accuracy
0,260,177,0.6807692307692308
1,260,148,0.5692307692307692
2,260,199,0.7653846153846153
3,260,147,0.5653846153846154
4,260,163,0.6269230769230769
5,260,76,0.2923076923076923
6,260,219,0.8423076923076923
7,260,142,0.5461538461538461
8,260,183,0.7038461538461539
9,260,215,0.8269230769230769
