label,total,correct,accuracy
0,260,210,0.8076923076923077
1,260,173,0.6653846153846154
2,260,220,0.8461538461538461
3,260,163,0.6269230769230769
4,260,176,0.676923076923077
5,260,111,0.4269230769230769
6,260,183,0.7038461538461539
7,260,173,0.6653846153846154
8,260,191,0.7346153846153847
9,260,206,0.7923076923076923
