epoch,lr,alpha,train_loss,mixed_loss,gold_stability_loss,train_accuracy,mean_r_prob,mean_r_sim,mean_gold_consistency,mean_control,val_loss,val_accuracy,test_loss,test_accuracy
1,0.001,2.0,1.033459298184494,0.8520442574614452,1.8141503377734678,0.29880329094988783,0.1471126502186127,0.8485343165600933,0.2873969862687561,0.34920138856235866,2.3545689992050627,0.41044776119402987,2.5103203174029463,0.3720219914477703
2,0.001,2.0,0.8012852374528359,0.6560374895583005,1.4524773752502123,0.4158563949139865,0.14711264754375952,0.8485343108537399,0.2873969894785799,0.3492013807161227,1.8903351559567807,0.5,2.0751412548375114,0.4660965180207697
3,0.001,2.0,0.687420732777067,0.5642887516171521,1.2313197423204523,0.4760658189977562,0.14711265039693622,0.8485343179866817,0.28739698876528574,0.3492013864224761,2.0687169939724366,0.5,2.1873925102871223,0.4544899205864386
4,0.001,2.0,0.6123004932856506,0.5041063878637869,1.081941043430063,0.5145848915482424,0.14711264879202432,0.8485343080005632,0.2873969891219328,0.34920138570918197,1.7570622002900536,0.5746268656716418,1.940299201390331,0.4960293219303604
5,0.001,2.0,0.5396193970292918,0.44594774312195534,0.936716573489809,0.5706806282722513,0.14711264700878887,0.8485343137069166,0.2873969894785799,0.3492013828560052,1.859378318288433,0.5298507462686567,1.9520589378306832,0.499083689676237
6,0.001,2.0,0.5038537322895332,0.4190802535818153,0.8477347522149268,0.5841436050860135,0.14711264807873015,0.84853431941327,0.28739698876528574,0.3492013842825936,1.9457201957702637,0.5223880597014925,2.0507848013008085,0.4905314599877825
7,0.001,2.0,0.4611782565568041,0.38474987178661973,0.7642838020510163,0.618922961854899,0.1471126479004066,0.8485343179866817,0.2873969866254032,0.3492013842825936,1.8719862610546512,0.5447761194029851,1.941765976738624,0.518020769700672
