label,total,correct,accuracy
0,260,202,0.7769230769230769
1,260,186,0.7153846153846154
2,260,239,0.9192307692307692
3,260,168,0.6461538461538462
4,260,149,0.573076923076923
5,260,82,0.3153846153846154
6,260,177,0.6807692307692308
7,260,153,0.5884615384615385
8,260,219,0.8423076923076923
9,260,147,0.5653846153846154
