epoch,lr,alpha,train_loss,mixed_loss,gold_stability_loss,train_accuracy,mean_r_prob,mean_r_sim,mean_gold_consistency,mean_control,val_loss,val_accuracy,test_loss,test_accuracy
1,0.001,2.0,2.1797908971625293,1.9259474529824154,1.692289617227456,0.2599102468212416,0.19152807743583228,0.8370955701897905,0.5465902123062487,0.5841191305361672,2.1353048459807438,0.47761194029850745,2.4521066275907133,0.4043982895540623
2,0.001,2.0,1.8670880181092153,1.6536285954798524,1.4230627671229634,0.3405011219147345,0.1915280767225381,0.8370955687632022,0.5465902144461313,0.5841191276829905,1.948103652071597,0.4701492537313433,2.193981968344314,0.4612095296273671
3,0.001,2.0,1.711061871488681,1.5218056965516233,1.261707705352943,0.38593866866118176,0.19152807904074418,0.8370955716163789,0.5465902023201302,0.5841191276829905,1.8263212620322384,0.5149253731343284,2.129300721039769,0.4777031154551008
4,0.001,2.0,1.5913123471039663,1.4177781251623458,1.1568947774577516,0.42464472700074796,0.19152807886242065,0.8370955773227323,0.5465902165860138,0.5841191205500487,1.7432930362758352,0.5522388059701493,1.9912299232360569,0.5033598045204642
5,0.001,2.0,1.4704742681293588,1.3161076279656603,1.0291108676722092,0.4607329842931937,0.19152807565259683,0.8370955744695556,0.5465902065998953,0.5841191241165196,1.6026469753749335,0.6119402985074627,1.8919755077682476,0.5247403787416005
6,0.001,2.0,1.3794283353310517,1.2386173560892189,0.9387398608692029,0.48803290949887806,0.19152807743583228,0.8370955744695556,0.5465902101663662,0.5841191291095787,1.6580840438159543,0.5597014925373134,1.9036003413838298,0.5204642638973732
7,0.001,2.0,1.3083445259057147,1.1770108819632006,0.8755576567767535,0.5127150336574421,0.19152807814912645,0.8370955730429673,0.5465902087397778,0.5841191226899312,1.6307469926663298,0.5671641791044776,1.8485887046259355,0.5229077580940745
8,0.001,2.0,1.2333531499176482,1.111595515493323,0.8117175507028332,0.5334704562453254,0.19152807779247938,0.8370955716163789,0.5465902108796604,0.5841191205500487,1.622192654147077,0.582089552238806,1.8348486580787524,0.5290164935858277
