label,total,correct,accuracy
0,260,222,0.8538461538461538
1,260,169,0.65
2,260,211,0.8115384615384615
3,260,146,0.5615384615384615
4,260,176,0.676923076923077
5,260,128,0.49230769230769234
6,260,197,0.7576923076923077
7,260,179,0.6884615384615385
8,260,232,0.8923076923076924
9,260,205,0.7884615384615384
