epoch,lr,alpha,train_loss,mixed_loss,gold_stability_loss,train_accuracy,mean_r_prob,mean_r_sim,mean_gold_consistency,mean_control,val_loss,val_accuracy,test_loss,test_accuracy
1,0.001,2.0,1.3133139364011994,1.1683932778599497,0.9661376599427108,0.4526098901098901,0.29049443858010426,0.7827677967784169,0.7827677967784169,0.7899975074516548,0.9679762474952206,0.6741935483870968,1.1782651464755718,0.578076923076923
2,0.001,2.0,1.143283673957154,1.0197449765362583,0.8235913128643245,0.5144230769230769,0.2904944359601199,0.7827677936344356,0.7827677936344356,0.7899975137396174,0.8920943948530382,0.6741935483870968,1.0708947651202863,0.6103846153846154
3,0.001,2.0,1.0657795921786801,0.9522586623390953,0.7568061936032641,0.5583791208791209,0.29049443700811367,0.7827677957304231,0.7827677957304231,0.7899975084996486,1.128283328394736,0.5967741935483871,1.3902544736862184,0.5330769230769231
4,0.001,2.0,1.0077893657998724,0.8999894448689052,0.7186661006330134,0.5741758241758241,0.290494435436123,0.7827677904904544,0.7827677904904544,0.789997514787611,1.0117275661037815,0.6290322580645161,1.2255523523917564,0.5734615384615385
5,0.001,2.0,0.9558099018348443,0.8528870895668701,0.686152035849435,0.596978021978022,0.29049443622211835,0.7827677925864419,0.7827677925864419,0.7899975137396174,0.9656618741250808,0.6451612903225806,1.2155684892947858,0.5876923076923077
