label,total,correct,accuracy
0,260,216,0.8307692307692308
1,260,129,0.49615384615384617
2,260,172,0.6615384615384615
3,260,117,0.45
4,260,185,0.7115384615384616
5,260,100,0.38461538461538464
6,260,188,0.7230769230769231
7,260,83,0.3192307692307692
8,260,195,0.75
9,260,202,0.7769230769230769
