label,total,correct,accuracy
0,260,177,0.6807692307692308
1,260,161,0.6192307692307693
2,260,178,0.6846153846153846
3,260,126,0.4846153846153846
4,260,139,0.5346153846153846
5,260,98,0.3769230769230769
6,260,141,0.5423076923076923
7,260,113,0.4346153846153846
8,260,189,0.7269230769230769
9,260,209,0.8038461538461539
