epoch,lr,alpha,train_loss,mixed_loss,gold_stability_loss,train_accuracy,mean_r_prob,mean_r_sim,mean_gold_consistency,mean_control,val_loss,val_accuracy,test_loss,test_accuracy
1,0.001,2.0,0.7595660199175824,0.5543869458712064,0.8207162901595398,0.36387362637362636,0.25415826813205256,0.7636789919255854,0.30511033351604755,0.37017706409915463,0.9796338058287097,0.6645161290322581,1.2339103940817027,0.5857692307692308
2,0.001,2.0,0.6594167292773069,0.5032834295388107,0.6245331910940317,0.40274725274725276,0.2541582689180479,0.7636790003095354,0.3051103332540491,0.3701770677671328,0.8866123130244593,0.6838709677419355,1.1870027571458084,0.6015384615384616
3,0.001,2.0,0.6064135040555682,0.47766478729772044,0.5149948782973237,0.43502747252747254,0.2541582673460573,0.7636789940215729,0.30511033613603195,0.37017706409915463,0.9875571566243325,0.6709677419354839,1.2606399506788988,0.6138461538461538
4,0.001,2.0,0.5742185920149415,0.46409300893217653,0.4405023225716182,0.4526098901098901,0.25415826813205256,0.7636790013575292,0.3051103392800132,0.3701770688151265,0.77124525308609,0.7419354838709677,1.0783626316143917,0.65
5,0.001,2.0,0.5493619181297638,0.4501951427905114,0.39666710764497193,0.4684065934065934,0.25415826813205256,0.7636789950695667,0.3051103324680538,0.370177066719139,1.0259458534179196,0.6741935483870968,1.348064315869258,0.6088461538461538
6,0.001,2.0,0.5240070446506961,0.43971063154084344,0.3371856587273734,0.48035714285714287,0.2541582670840588,0.7636789919255854,0.30511033404004445,0.3701770661951421,1.030674001862926,0.6967741935483871,1.4310224657792312,0.5969230769230769
7,0.001,2.0,0.4886787384420961,0.4177406161696046,0.2837524938714373,0.4932692307692308,0.2541582676080557,0.7636789940215729,0.30511033823201944,0.37017706409915463,0.9327732339982063,0.7419354838709677,1.340521115889916,0.6330769230769231
