epoch,lr,alpha,train_loss,mixed_loss,gold_stability_loss,train_accuracy,mean_r_prob,mean_r_sim,mean_gold_consistency,mean_control,val_loss,val_accuracy,test_loss,test_accuracy
1,0.001,2.0,0.9228944550634055,0.7816953130774117,1.4119913742091108,0.25224382946896035,0.1675895196605103,0.8194808717440917,0.2001840866762217,0.2889784325747322,2.025327458310483,0.47761194029850745,2.3904245252207277,0.41967012828344535
2,0.001,2.0,0.768447681559318,0.65473789765751,1.1370978769118338,0.33021690351533284,0.16758951912553968,0.819480868890915,0.2001840859629275,0.2889784297215555,1.8241660132336972,0.48507462686567165,2.1999884425100933,0.4489920586438607
3,0.001,2.0,0.6937861879904411,0.596514884580314,0.9727130174726003,0.3722887060583396,0.1675895180555984,0.819480868890915,0.2001840866762217,0.28897843079149677,1.8098897417979454,0.4925373134328358,2.1729545016513048,0.46059865607819184
4,0.001,2.0,0.6407569813567842,0.5562728864538554,0.8448409490292876,0.4031413612565445,0.16758951876889258,0.8194808774504451,0.2001840859629275,0.2889784297215555,1.7450087408521282,0.5522388059701493,2.0390774827944336,0.48503359804520463
5,0.001,2.0,0.5883024749063964,0.516244092871203,0.7205838121044699,0.44222139117427073,0.16758951930386323,0.8194808617579732,0.2001840859629275,0.2889784332880264,1.5779070925356737,0.5671641791044776,1.9168362065503417,0.5204642638973732
6,0.001,2.0,0.5466935012709675,0.4848864141826587,0.6180708218886947,0.4661555721765146,0.16758951948218678,0.8194808731706801,0.20018408738951587,0.2889784325747322,1.7300588426305288,0.5447761194029851,2.0146909791227516,0.5119120342089187
7,0.001,2.0,0.5200058374283647,0.4623627348586348,0.5764310626994342,0.48541510845175767,0.16758951859056906,0.8194808646111499,0.2001840859629275,0.28897843150479097,1.6054734320782904,0.5597014925373134,1.9153918216486274,0.5253512522907758
8,0.001,2.0,0.4862405896721799,0.4352636157396398,0.5097697329949156,0.5087883320867614,0.1675895200171574,0.819480868890915,0.20018408453633915,0.2889784325747322,1.7459945678710938,0.5597014925373134,1.9986359524741433,0.5003054367745876
