epoch,lr,alpha,train_loss,mixed_loss,gold_stability_loss,train_accuracy,mean_r_prob,mean_r_sim,mean_gold_consistency,mean_control,val_loss,val_accuracy,test_loss,test_accuracy
1,0.001,2.0,0.5324592021795419,0.40826697880095175,0.8279481540669452,0.44368131868131866,0.29806848829919164,0.7697906389341249,0.29806848829919164,0.36886353911934316,1.0182260282578006,0.6903225806451613,1.3290613031387328,0.5784615384615385
2,0.001,2.0,0.4343356289051391,0.33717767622444655,0.6477196680320488,0.5068681318681318,0.2980684872511979,0.7697906452220875,0.2980684872511979,0.3688635427873213,0.9475777256873346,0.7096774193548387,1.1849125979496882,0.6134615384615385
3,0.001,2.0,0.39333154755634264,0.3100261339774499,0.555369397179111,0.5436813186813186,0.2980684827972244,0.7697906357901437,0.2980684827972244,0.36886354173932756,1.0685402547159502,0.6709677419354839,1.308785569851215,0.5973076923076923
4,0.001,2.0,0.3678816767839285,0.29262027825628006,0.5017426349304535,0.5688186813186813,0.2980684851552104,0.7697906420781062,0.2980684851552104,0.36886354226332446,0.9720318878850629,0.6935483870967742,1.2397159779988802,0.6096153846153847
5,0.001,2.0,0.34611409470275206,0.2778463811009795,0.455118069936941,0.5785714285714286,0.2980684838452182,0.7697906347421499,0.2980684838452182,0.3688635380713494,0.9507421401239211,0.7322580645161291,1.2666865713779742,0.62
