label,total,correct,accuracy
0,260,212,0.8153846153846154
1,260,159,0.6115384615384616
2,260,199,0.7653846153846153
3,260,137,0.5269230769230769
4,260,168,0.6461538461538462
5,260,76,0.2923076923076923
6,260,190,0.7307692307692307
7,260,69,0.2653846153846154
8,260,188,0.7230769230769231
9,260,214,0.823076923076923
