epoch,lr,alpha,train_loss,mixed_loss,gold_stability_loss,train_accuracy,mean_r_prob,mean_r_sim,mean_gold_consistency,mean_control,val_loss,val_accuracy,test_loss,test_accuracy
1,0.001,2.0,0.8296724178939054,0.6888774791223929,1.4079493591833578,0.2658937920718025,0.1662274355663679,0.8165552471677313,0.1662274355663679,0.2678873961597748,2.039006777663729,0.4626865671641791,2.4437534975146256,0.3921808185705559
2,0.001,2.0,0.6878556499930577,0.5768008979292351,1.1105475456926834,0.3412490650710546,0.16622743306983828,0.8165552400347896,0.16622743306983828,0.2678874018661282,1.7574484134787944,0.5074626865671642,2.1501101934844282,0.45510079413561394
3,0.001,2.0,0.6160429467794694,0.5226470725966106,0.9339587088387318,0.38612565445026176,0.1662274323565441,0.8165552357550245,0.1662274323565441,0.26788740043953985,1.777017548902711,0.4925373134328358,2.1403298043010435,0.46182040317654244
4,0.001,2.0,0.5680400980169771,0.48777857946654085,0.8026151670924567,0.418848167539267,0.16622743503139728,0.8165552400347896,0.16622743503139728,0.26788739687306895,1.5980687070248731,0.582089552238806,1.9717919890590754,0.49664019547953575
5,0.001,2.0,0.5188279554036097,0.45000961311468013,0.6881834377793117,0.45531039640987286,0.16622743413977956,0.8165552343284361,0.16622743413977956,0.26788740008289275,1.4901693347674698,0.5895522388059702,1.8883703347743832,0.5186316432498472
6,0.001,2.0,0.48092045528548105,0.42281103711477747,0.5810941737716379,0.4831712789827973,0.16622743324816183,0.8165552329018478,0.16622743324816183,0.26788739366324515,1.58767795473782,0.5671641791044776,1.9108849275964168,0.5216860109957239
7,0.001,2.0,0.45591540022759447,0.4026159773411462,0.5329942213303132,0.5039267015706806,0.16622743271319118,0.8165552329018478,0.16622743271319118,0.2678873950898335,1.5334210422501635,0.5746268656716418,1.8231732588245435,0.5369578497251069
8,0.001,2.0,0.42634373194438446,0.37925815305873894,0.4708557639580301,0.518885564697083,0.1662274352097208,0.8165552271954943,0.1662274352097208,0.26788739758636315,1.522802045985834,0.5671641791044776,1.8666302439055213,0.5271838729383018
