epoch,lr,alpha,train_loss,mixed_loss,gold_stability_loss,train_accuracy,mean_r_prob,mean_r_sim,mean_gold_consistency,mean_control,val_loss,val_accuracy,test_loss,test_accuracy
1,0.001,2.0,1.1365490478473705,1.0370649092800015,0.9948413927476485,0.45274725274725275,0.29049443858010426,0.7827677946824294,0.6843131369286841,0.7145181792122978,0.9495136830114549,0.6741935483870968,1.1558872024829572,0.5846153846153846
2,0.001,2.0,0.9926201775833801,0.9061926053120539,0.8642757641090142,0.5162087912087913,0.2904944359601199,0.7827677936344356,0.6843131379766778,0.7145181708283477,0.9094843010748587,0.6903225806451613,1.0887840234316313,0.5992307692307692
3,0.001,2.0,0.9256905673624395,0.84583706842674,0.79853490289751,0.5531593406593407,0.29049443700811367,0.7827677894424606,0.6843131348326966,0.714518178164304,1.1962680447486138,0.5741935483870968,1.4351642274856566,0.5207692307692308
4,0.001,2.0,0.879273696915134,0.8029989036884937,0.7627479306944124,0.5657967032967033,0.290494435436123,0.7827677925864419,0.6843131369286841,0.7145181792122978,0.9604992458897252,0.6580645161290323,1.1696440036480242,0.5853846153846154
5,0.001,2.0,0.8273266901026716,0.7543824557419662,0.7294422985433222,0.6024725274725274,0.29049443622211835,0.7827677936344356,0.6843131337847028,0.7145181792122978,0.9845411831332791,0.6612903225806451,1.2403357146336482,0.5734615384615385
