label,total,correct,accuracy
0,260,214,0.823076923076923
1,260,140,0.5384615384615384
2,260,162,0.6230769230769231
3,260,90,0.34615384615384615
4,260,168,0.6461538461538462
5,260,94,0.36153846153846153
6,260,203,0.7807692307692308
7,260,111,0.4269230769230769
8,260,165,0.6346153846153846
9,260,211,0.8115384615384615
