label,total,correct,accuracy
0,260,221,0.85
1,260,192,0.7384615384615385
2,260,211,0.8115384615384615
3,260,129,0.49615384615384617
4,260,105,0.40384615384615385
5,260,138,0.5307692307692308
6,260,210,0.8076923076923077
7,260,119,0.4576923076923077
8,260,220,0.8461538461538461
9,260,196,0.7538461538461538
