label,total,correct,accuracy
0,260,226,0.8692307692307693
1,260,144,0.5538461538461539
2,260,232,0.8923076923076924
3,260,145,0.5576923076923077
4,260,163,0.6269230769230769
5,260,178,0.6846153846153846
6,260,190,0.7307692307692307
7,260,131,0.5038461538461538
8,260,213,0.8192307692307692
9,260,153,0.5884615384615385
