epoch,lr,alpha,train_loss,mixed_loss,gold_stability_loss,train_accuracy,mean_r_prob,mean_r_sim,mean_gold_consistency,mean_control,val_loss,val_accuracy,test_loss,test_accuracy
1,0.001,2.0,0.566338064120366,0.566338064120366,1.1928718813173063,0.33983516483516485,0.24805157420399424,0.7761975372230614,0.3008661678859166,0.36633282284160235,1.3515683143369612,0.5290322580645161,1.4804082048856295,0.4757692307692308
2,0.001,2.0,0.512461124933683,0.512461124933683,1.1416980549529359,0.38914835164835165,0.24805157367999736,0.7761975351270739,0.30086616474193534,0.36633282284160235,1.2085764754203059,0.5709677419354838,1.3936039055310763,0.4930769230769231
3,0.001,2.0,0.4882030039043217,0.4882030039043217,1.1294270421122456,0.40947802197802197,0.2480515760379833,0.7761975340790801,0.3008661678859166,0.36633282336559925,1.3462586018346971,0.5032258064516129,1.4972259514148418,0.47846153846153844
4,0.001,2.0,0.47090479947708463,0.47090479947708463,1.0914276254046094,0.42788461538461536,0.24805157551398643,0.7761975382710551,0.30086616474193534,0.36633282074561485,1.1785276451418476,0.5806451612903226,1.3538822229091938,0.5265384615384615
5,0.001,2.0,0.4582265117666224,0.4582265117666224,1.087879806298476,0.44793956043956046,0.24805157263200361,0.7761975361750676,0.30086616447993686,0.3663328217936086,1.4334436924226823,0.5096774193548387,1.5795859300173245,0.475
6,0.001,2.0,0.44965247210565507,0.44965247210565507,1.0995650092324059,0.45123626373626374,0.2480515760379833,0.7761975288391113,0.3008661673619197,0.366332820221618,1.2029286584546488,0.5870967741935483,1.4326236556126521,0.5038461538461538
7,0.001,2.0,0.437285396030971,0.437285396030971,1.0739858291961335,0.47046703296703296,0.24805157289400206,0.7761975319830926,0.30086616631392593,0.36633281864962736,1.2755522635675245,0.5741935483870968,1.4311115411611703,0.5023076923076923
