label,total,correct,accuracy
0,260,226,0.8692307692307693
1,260,177,0.6807692307692308
2,260,244,0.9384615384615385
3,260,84,0.3230769230769231
4,260,121,0.4653846153846154
5,260,145,0.5576923076923077
6,260,200,0.7692307692307693
7,260,154,0.5923076923076923
8,260,160,0.6153846153846154
9,260,188,0.7230769230769231
