epoch,lr,alpha,train_loss,mixed_loss,gold_stability_loss,train_accuracy,mean_r_prob,mean_r_sim,mean_gold_consistency,mean_control,val_loss,val_accuracy,test_loss,test_accuracy
1,0.001,2.0,2.551710494347446,2.3462759934884003,2.05434509668229,0.30497382198952877,0.14392672373273074,0.8423497079465491,0.8423497079465491,0.8252645619520075,2.318925811283624,0.3805970149253731,2.4326427488262943,0.37935247403787414
2,0.001,2.0,1.988011385222915,1.8114131423369575,1.765982314732508,0.42053103964098726,0.1439267235544072,0.8423497122263142,0.8423497122263142,0.8252645662317726,1.9841385439260681,0.44776119402985076,2.0639149412995224,0.4599877825290165
3,0.001,2.0,1.718108613631934,1.5594561467352606,1.586524668966734,0.48672400897531787,0.14392672301943657,0.8423497065199608,0.8423497065199608,0.8252645619520075,2.045582669884411,0.4701492537313433,2.08783853148715,0.4447159437996335
4,0.001,2.0,1.536355319982513,1.3877865019893147,1.4856881596922606,0.5362752430815259,0.14392672248446595,0.8423497107997258,0.8423497107997258,0.825264571938126,1.78952327593049,0.5149253731343284,1.873748965210935,0.5021380574221136
5,0.001,2.0,1.3622379599887218,1.2264745444081662,1.3576342046662062,0.581151832460733,0.14392672248446595,0.8423497065199608,0.8423497065199608,0.8252645690849493,1.8471105934968635,0.5522388059701493,1.772726460572198,0.5271838729383018
6,0.001,2.0,1.2432930925129595,1.1144375417244996,1.2885555044072907,0.6144353029169783,0.14392672248446595,0.8423497093731375,0.8423497093731375,0.8252645747913027,1.8097614014326637,0.5298507462686567,1.7937298917741258,0.5326817348808797
7,0.001,2.0,1.1586124092763987,1.0371472945209752,1.2146511524581338,0.6368735976065819,0.14392672408937784,0.8423497150794909,0.8423497150794909,0.8252645619520075,1.834588534796416,0.5,1.7947700221726424,0.527794746487477
