label,total,correct,accuracy
0,260,216,0.8307692307692308
1,260,183,0.7038461538461539
2,260,188,0.7230769230769231
3,260,146,0.5615384615384615
4,260,183,0.7038461538461539
5,260,150,0.5769230769230769
6,260,181,0.6961538461538461
7,260,198,0.7615384615384615
8,260,232,0.8923076923076924
9,260,202,0.7769230769230769
