epoch,lr,alpha,train_loss,mixed_loss,gold_stability_loss,train_accuracy,mean_r_prob,mean_r_sim,mean_gold_consistency,mean_control,val_loss,val_accuracy,test_loss,test_accuracy
1,0.001,2.0,0.6762626495990124,0.551390611077403,0.8324802295192257,0.3535714285714286,0.24805157420399424,0.7761975351270739,0.3008661673619197,0.36633282284160235,0.952288612627214,0.6741935483870968,1.2569991159439087,0.5753846153846154
2,0.001,2.0,0.5986275616582933,0.49704239276739265,0.6772344209335662,0.40494505494505495,0.24805157367999736,0.7761975330310863,0.30086616474193534,0.3663328217936086,0.8369696563290011,0.7064516129032258,1.1335402888518114,0.6065384615384616
3,0.001,2.0,0.5599740772456914,0.47224146140800727,0.5848840849740164,0.42403846153846153,0.2480515760379833,0.7761975309350988,0.30086616683792283,0.36633282336559925,1.0204960723077097,0.6516129032258065,1.3709879955878626,0.575
4,0.001,2.0,0.5401823385731205,0.458303225171435,0.5458607376276792,0.4506868131868132,0.24805157551398643,0.7761975361750676,0.30086616421793844,0.36633282126961175,0.8751604941583448,0.7096774193548387,1.2183124388181246,0.6180769230769231
5,0.001,2.0,0.5134175322868012,0.4423502946947957,0.47378157599941717,0.460989010989011,0.24805157263200361,0.7761975277911176,0.30086616447993686,0.3663328217936086,1.001297483136577,0.6935483870967742,1.389057076527522,0.5930769230769231
