label,total,correct,accuracy
0,260,217,0.8346153846153846
1,260,150,0.5769230769230769
2,260,141,0.5423076923076923
3,260,157,0.6038461538461538
4,260,137,0.5269230769230769
5,260,127,0.48846153846153845
6,260,206,0.7923076923076923
7,260,118,0.45384615384615384
8,260,152,0.5846153846153846
9,260,202,0.7769230769230769
