label,total,correct,accuracy
0,260,226,0.8692307692307693
1,260,189,0.7269230769230769
2,260,233,0.8961538461538462
3,260,170,0.6538461538461539
4,260,159,0.6115384615384616
5,260,179,0.6884615384615385
6,260,188,0.7230769230769231
7,260,180,0.6923076923076923
8,260,220,0.8461538461538461
9,260,184,0.7076923076923077
