epoch,lr,alpha,train_loss,mixed_loss,gold_stability_loss,train_accuracy,mean_r_prob,mean_r_sim,mean_gold_consistency,mean_control,val_loss,val_accuracy,test_loss,test_accuracy
1,0.001,2.0,1.0030809259272013,0.8226539833650895,1.8042693675768045,0.31469708302169036,0.14392672373273074,0.8423497093731375,0.28361132578254195,0.3457529785567107,2.1578564145671786,0.44776119402985076,2.4351511090429514,0.3891264508246793
2,0.001,2.0,0.7678206057002853,0.6251475664333523,1.4267303060932488,0.42969334330590875,0.1439267235544072,0.8423497107997258,0.2836113272091303,0.3457529771301224,1.8615631292115395,0.4552238805970149,2.0664135148485916,0.4630421502748931
3,0.001,2.0,0.6583333635562021,0.5376702747241543,1.2066308399947971,0.4956993268511593,0.14392672301943657,0.8423497093731375,0.28361132542589484,0.3457529771301224,1.924872499793323,0.44776119402985076,2.0774514667129984,0.45510079413561394
4,0.001,2.0,0.5803185206968212,0.4746430624128725,1.0567545417804904,0.5330964846671653,0.14392672248446595,0.8423497122263142,0.28361132471260064,0.3457529792700049,1.697608470916748,0.5522388059701493,1.8671301536321203,0.5155772755039707
5,0.001,2.0,0.5117252803419451,0.4195980422516411,0.9212723866093935,0.5843305908750935,0.14392672248446595,0.8423497050933724,0.28361132471260064,0.3457529771301224,1.8119477745312362,0.5074626865671642,1.8356615398887024,0.531459987782529
6,0.001,2.0,0.47140389027752444,0.3890741889211074,0.8232970121375821,0.6048990276738968,0.14392672248446595,0.8423497093731375,0.28361132756577734,0.3457529778434166,1.8063483362767234,0.5298507462686567,1.8495842543912502,0.5210751374465485
7,0.001,2.0,0.434254575239337,0.3605953277316482,0.7365924696826007,0.6338818249813014,0.14392672408937784,0.8423497150794909,0.28361132578254195,0.3457529735636515,1.7235324934347351,0.5298507462686567,1.6622461143177898,0.5632254123396457
