epoch,lr,alpha,train_loss,mixed_loss,gold_stability_loss,train_accuracy,mean_r_prob,mean_r_sim,mean_gold_consistency,mean_control,val_loss,val_accuracy,test_loss,test_accuracy
1,0.001,2.0,0.52108265377663,0.45258015368010973,0.6850250068601671,0.4723901098901099,0.30975317509619743,0.7722091402326311,0.35599876602927405,0.41115020605234,0.820720330361397,0.7096774193548387,1.1729742574691773,0.6138461538461538
2,0.001,2.0,0.4301120434488569,0.3738456022608411,0.5626643986492367,0.5252747252747253,0.3097531740482037,0.7722091328966748,0.35599876602927405,0.4111502086723244,0.8009755434528474,0.7161290322580646,1.1783632575548613,0.6084615384615385
3,0.001,2.0,0.40354539450708327,0.3503763443821079,0.53169048841183,0.5653846153846154,0.30975317588219275,0.7722091381366436,0.3559987681252616,0.4111502081483275,0.8714702959983579,0.6967741935483871,1.2760365557670594,0.6057692307692307
4,0.001,2.0,0.38594401629416497,0.33558634578526675,0.5035767107219487,0.5739010989010989,0.30975317588219275,0.7722091381366436,0.35599876655327095,0.41115020762433063,1.0839547234196816,0.6612903225806451,1.4965803315089299,0.5853846153846154
5,0.001,2.0,0.35368492033455395,0.30643551919486495,0.4724940186018472,0.609065934065934,0.3097531798121693,0.7722091339446686,0.3559987655052772,0.4111502039563525,0.7424467344437876,0.7548387096774194,1.1896451876713678,0.6426923076923077
6,0.001,2.0,0.33170043308656294,0.2883446871579348,0.4335574632817572,0.628021978021978,0.3097531787641756,0.7722091287046998,0.3559987681252616,0.41115020552834314,0.9751109753885577,0.667741935483871,1.4190138011712294,0.6107692307692307
7,0.001,2.0,0.32709955802330604,0.28492591839570264,0.4217364035464905,0.6270604395604396,0.3097531774541834,0.7722091349926624,0.3559987696972522,0.4111502065763369,0.9588428858787783,0.7096774193548387,1.416586580826686,0.6080769230769231
8,0.001,2.0,0.3082673686546284,0.2687716312460847,0.3949573869233603,0.6546703296703297,0.30975317850217715,0.7722091370886499,0.3559987696972522,0.4111502086723244,0.8897535966288659,0.7161290322580646,1.2455153329555806,0.6457692307692308
