label,total,correct,accuracy
0,260,225,0.8653846153846154
1,260,171,0.6576923076923077
2,260,210,0.8076923076923077
3,260,123,0.47307692307692306
4,260,164,0.6307692307692307
5,260,75,0.28846153846153844
6,260,220,0.8461538461538461
7,260,112,0.4307692307692308
8,260,195,0.75
9,260,184,0.7076923076923077
