epoch,lr,alpha,train_loss,mixed_loss,gold_stability_loss,train_accuracy,mean_r_prob,mean_r_sim,mean_gold_consistency,mean_control,val_loss,val_accuracy,test_loss,test_accuracy
1,0.001,2.0,0.6472077312050285,0.4674124701992496,0.7191810467740991,0.3633241758241758,0.24805157420399424,0.7761975351270739,0.24805157420399424,0.3294142476804964,0.9173361543686159,0.6903225806451613,1.202691270021292,0.5996153846153847
2,0.001,2.0,0.5549737822878492,0.41655825527159723,0.5536621146149687,0.4063186813186813,0.24805157367999736,0.7761975298871051,0.24805157367999736,0.3294142518724714,0.8095959617245582,0.7064516129032258,1.1400141086945168,0.625
3,0.001,2.0,0.5093873243410508,0.3962968206012642,0.4523620080816877,0.42527472527472526,0.2480515760379833,0.7761975298871051,0.2480515760379833,0.32941425239646827,0.947722057373293,0.7,1.351093629690317,0.5930769230769231
4,0.001,2.0,0.48397342687124734,0.3840164012961335,0.39982810275895253,0.445467032967033,0.24805157551398643,0.7761975361750676,0.24805157551398643,0.32941424977648387,0.8443847233249295,0.7161290322580646,1.2598841168330266,0.63
5,0.001,2.0,0.4543058986192221,0.3720086400325482,0.3291890403071603,0.4541208791208791,0.24805157263200361,0.7761975330310863,0.24805157263200361,0.3294142476804964,0.9525445888119359,0.7129032258064516,1.3871150240531334,0.615
