label,total,correct,accuracy
0,260,221,0.85
1,260,185,0.7115384615384616
2,260,196,0.7538461538461538
3,260,152,0.5846153846153846
4,260,166,0.6384615384615384
5,260,106,0.4076923076923077
6,260,174,0.6692307692307692
7,260,101,0.38846153846153847
8,260,158,0.6076923076923076
9,260,179,0.6884615384615385
