label,total,correct,accuracy
0,260,207,0.7961538461538461
1,260,136,0.5230769230769231
2,260,189,0.7269230769230769
3,260,19,0.07307692307692308
4,260,90,0.34615384615384615
5,260,118,0.45384615384615384
6,260,210,0.8076923076923077
7,260,133,0.5115384615384615
8,260,109,0.41923076923076924
9,260,182,0.7
