epoch,lr,alpha,train_loss,mixed_loss,gold_stability_loss,train_accuracy,mean_r_prob,mean_r_sim,mean_gold_consistency,mean_control,val_loss,val_accuracy,test_loss,test_accuracy
1,0.001,2.0,0.8009472520796808,0.8009472520796808,0.9999265255508842,0.4800824175824176,0.3177616098424891,0.8540660690475296,0.5859138499249469,0.6178389811253809,1.071722162154413,0.632258064516129,1.3114282259574304,0.5223076923076924
2,0.001,2.0,0.655144010926341,0.655144010926341,0.8982145022559952,0.5733516483516483,0.31776160827049843,0.8540660774314797,0.5859138404930031,0.6178389748374185,1.0038385637344853,0.6451612903225806,1.2146678095597487,0.5507692307692308
3,0.001,2.0,0.6083162142680242,0.6083162142680242,0.8582478613643856,0.601510989010989,0.31776160827049843,0.8540660826714485,0.5859138383970156,0.617838972741431,0.9997313883996779,0.6645161290322581,1.3013230210084181,0.5396153846153846
4,0.001,2.0,0.5550322105596354,0.5550322105596354,0.8124148782792983,0.6346153846153846,0.31776160774650153,0.8540660700955234,0.5859138436369844,0.617838976933406,0.8491082176085442,0.7,1.0664172326601469,0.6096153846153847
5,0.001,2.0,0.5221239044116094,0.5221239044116094,0.8048893432040791,0.6638736263736263,0.3177616066985078,0.8540660753354922,0.5859138425889906,0.617838976933406,0.8456730073498141,0.6870967741935484,1.0868682589897742,0.6119230769230769
6,0.001,2.0,0.5028257035947108,0.5028257035947108,0.8178641452894106,0.6690934065934065,0.3177616066985078,0.8540660742874984,0.5859138383970156,0.6178389779813998,0.8152944980129119,0.7064516129032258,1.159259877571693,0.6034615384615385
7,0.001,2.0,0.47009953260421755,0.47009953260421755,0.7845416625777444,0.6921703296703297,0.3177616108904828,0.8540660784794734,0.5859138383970156,0.6178389737894247,0.91121054849317,0.6612903225806451,1.0917504416979276,0.6146153846153846
8,0.001,2.0,0.4452260781120468,0.4452260781120468,0.804069985138191,0.7042582417582418,0.3177616093184922,0.8540660753354922,0.5859138446849781,0.6178389779813998,0.8216684641376618,0.7161290322580646,1.1006851423703707,0.6234615384615385
9,0.001,2.0,0.4082760159130935,0.4082760159130935,0.7749398604854123,0.7236263736263736,0.3177616074845031,0.854066080575461,0.5859138404930031,0.6178389758854121,0.8664084857509983,0.6741935483870968,1.1231899987734282,0.6115384615384616
