label,total,correct,accuracy
0,260,186,0.7153846153846154
1,260,92,0.35384615384615387
2,260,214,0.823076923076923
3,260,162,0.6230769230769231
4,260,151,0.5807692307692308
5,260,180,0.6923076923076923
6,260,130,0.5
7,260,117,0.45
8,260,193,0.7423076923076923
9,260,196,0.7538461538461538
