label,total,correct,accuracy
0,260,204,0.7846153846153846
1,260,189,0.7269230769230769
2,260,210,0.8076923076923077
3,260,160,0.6153846153846154
4,260,203,0.7807692307692308
5,260,120,0.46153846153846156
6,260,205,0.7884615384615384
7,260,157,0.6038461538461538
8,260,232,0.8923076923076924
9,260,186,0.7153846153846154
