label,total,correct,accuracy
0,260,224,0.8615384615384616
1,260,153,0.5884615384615385
2,260,224,0.8615384615384616
3,260,167,0.6423076923076924
4,260,164,0.6307692307692307
5,260,117,0.45
6,260,186,0.7153846153846154
7,260,168,0.6461538461538462
8,260,222,0.8538461538461538
9,260,190,0.7307692307692307
