epoch,lr,alpha,train_loss,mixed_loss,gold_stability_loss,train_accuracy,mean_r_prob,mean_r_sim,mean_gold_consistency,mean_control,val_loss,val_accuracy,test_loss,test_accuracy
1,0.001,2.0,1.0961304358073642,1.0107278157066513,0.8540261909201905,0.4688186813186813,0.30975317509619743,0.7722091402326311,0.679717962034456,0.7100242478506905,0.9113151788711548,0.6548387096774193,1.1526489778665396,0.5803846153846154
2,0.001,2.0,0.9409059383056976,0.868541991841662,0.7236394874342196,0.5326923076923077,0.3097531740482037,0.7722091328966748,0.679717962034456,0.7100242509946718,0.9310807339606747,0.6451612903225806,1.2101409435272217,0.5769230769230769
3,0.001,2.0,0.8960773808615549,0.8244308583029024,0.7164652427474221,0.5585164835164835,0.30975317588219275,0.7722091349926624,0.6797179609864623,0.7100242488986843,1.0108263196483736,0.6290322580645161,1.3156324247213511,0.5546153846153846
4,0.001,2.0,0.8321665731105176,0.7647459678597502,0.674206039407751,0.5891483516483517,0.30975317588219275,0.7722091328966748,0.679717957842481,0.710024241562728,1.3345919420642238,0.5645161290322581,1.717342689220722,0.49538461538461537
