label,total,correct,accuracy
0,260,212,0.8153846153846154
1,260,176,0.676923076923077
2,260,216,0.8307692307692308
3,260,181,0.6961538461538461
4,260,157,0.6038461538461538
5,260,169,0.65
6,260,171,0.6576923076923077
7,260,152,0.5846153846153846
8,260,190,0.7307692307692307
9,260,180,0.6923076923076923
