epoch,lr,alpha,train_loss,mixed_loss,gold_stability_loss,train_accuracy,mean_r_prob,mean_r_sim,mean_gold_consistency,mean_control,val_loss,val_accuracy,test_loss,test_accuracy
1,0.001,2.0,1.2079058626195887,0.9841451234869905,0.8950429746082851,0.3598901098901099,0.24805157420399424,0.7761975393190489,0.5121245515215528,0.5537554772345574,0.926379616414347,0.6774193548387096,1.185077144916241,0.5861538461538461
2,0.001,2.0,1.0790353404296624,0.9020460299083165,0.707957257936289,0.4111263736263736,0.24805157367999736,0.7761975382710551,0.5121245583335122,0.5537554719945886,0.8266421337281504,0.6967741935483871,1.102052398278163,0.6119230769230769
3,0.001,2.0,1.0111521545347277,0.8598403413217146,0.6052472463020911,0.4364010989010989,0.2480515760379833,0.7761975351270739,0.5121245593815059,0.5537554761865637,1.0141861492587674,0.635483870967742,1.3646968353711642,0.563076923076923
4,0.001,2.0,0.976868269600711,0.8399137039760967,0.5478182520185199,0.4582417582417582,0.24805157551398643,0.7761975403670426,0.5121245541415371,0.5537554782825512,0.8465069017102641,0.7354838709677419,1.1277599202669584,0.6246153846153846
5,0.001,2.0,0.932318821320167,0.8122046369772691,0.48045673737159145,0.47046703296703296,0.24805157263200361,0.7761975361750676,0.5121245515215528,0.5537554824745262,0.9525061907306794,0.6903225806451613,1.3408662110108596,0.5861538461538461
