label,total,correct,accuracy
0,260,211,0.8115384615384615
1,260,174,0.6692307692307692
2,260,130,0.5
3,260,121,0.4653846153846154
4,260,172,0.6615384615384615
5,260,114,0.43846153846153846
6,260,195,0.75
7,260,123,0.47307692307692306
8,260,183,0.7038461538461539
9,260,201,0.7730769230769231
