label,total,correct,accuracy
0,260,202,0.7769230769230769
1,260,111,0.4269230769230769
2,260,212,0.8153846153846154
3,260,140,0.5384615384615384
4,260,153,0.5884615384615385
5,260,158,0.6076923076923076
6,260,183,0.7038461538461539
7,260,105,0.40384615384615385
8,260,203,0.7807692307692308
9,260,186,0.7153846153846154
