epoch,lr,alpha,train_loss,mixed_loss,gold_stability_loss,train_accuracy,mean_r_prob,mean_r_sim,mean_gold_consistency,mean_control,val_loss,val_accuracy,test_loss,test_accuracy
1,0.001,2.0,1.2689532982124077,1.1429462747259453,0.8400468016718771,0.47184065934065933,0.30975317509619743,0.7722091423286186,0.7722091423286186,0.7827953956939362,0.8570956572409599,0.6870967741935484,1.1094243045953605,0.5911538461538461
2,0.001,2.0,1.0886457346297882,0.9832942302410419,0.70234328521477,0.534478021978022,0.3097531740482037,0.7722091381366436,0.7722091381366436,0.7827953977899237,0.8869420097720239,0.6870967741935484,1.1730138653975266,0.5930769230769231
3,0.001,2.0,1.028522129897233,0.9259441776590033,0.6838529894640157,0.5615384615384615,0.30975317588219275,0.7722091381366436,0.7722091381366436,0.7827953977899237,0.9857641743075463,0.6451612903225806,1.2459446595265316,0.5834615384615385
4,0.001,2.0,0.960283634688828,0.863697962970524,0.6439044208317013,0.5947802197802198,0.30975317588219275,0.7722091391846374,0.7722091391846374,0.7827953946459424,1.0710683734186235,0.6258064516129033,1.4108689051408034,0.5538461538461539
