label,total,correct,accuracy
0,260,225,0.8653846153846154
1,260,142,0.5461538461538461
2,260,226,0.8692307692307693
3,260,134,0.5153846153846153
4,260,147,0.5653846153846154
5,260,30,0.11538461538461539
6,260,207,0.7961538461538461
7,260,90,0.34615384615384615
8,260,173,0.6653846153846154
9,260,168,0.6461538461538462
