epoch,lr,alpha,train_loss,mixed_loss,gold_stability_loss,train_accuracy,mean_r_prob,mean_r_sim,mean_gold_consistency,mean_control,val_loss,val_accuracy,test_loss,test_accuracy
1,0.001,2.0,0.5670546646956559,0.47828755031575215,0.8876711394760635,0.44409340659340657,0.29806848829919164,0.7697906399821187,0.3452406972319215,0.40370770601125866,1.125100367299972,0.6258064516129033,1.4233206547223605,0.5453846153846154
2,0.001,2.0,0.4694817800443251,0.39699489972093605,0.7248687741520641,0.5097527472527472,0.2980684872511979,0.7697906441740937,0.3452406956599309,0.4037077023432805,0.9058469880011774,0.6935483870967742,1.1278709956315847,0.6080769230769231
3,0.001,2.0,0.4276312671519898,0.3635290918769417,0.6410217382095672,0.5487637362637363,0.2980684827972244,0.7697906347421499,0.3452406930399465,0.40370770339127426,1.0994816249416721,0.6612903225806451,1.3293593369997465,0.5853846153846154
4,0.001,2.0,0.4043592054110307,0.34446847425712335,0.5989072823262477,0.5695054945054945,0.2980684851552104,0.7697906399821187,0.34524069513593403,0.40370770286727736,0.8503080337278305,0.7451612903225806,1.093901666677915,0.6357692307692308
5,0.001,2.0,0.3783884767647628,0.3226877371033469,0.5570073794532608,0.5901098901098901,0.2980684838452182,0.7697906357901437,0.34524069513593403,0.40370770339127426,0.9041854112379013,0.7193548387096774,1.1654108516986554,0.62
6,0.001,2.0,0.36163257203259314,0.30994556847509447,0.5168700425834446,0.6053571428571428,0.29806848358321975,0.7697906336941562,0.3452406956599309,0.40370770286727736,0.9216316515399564,0.7193548387096774,1.2293238010773293,0.6242307692307693
7,0.001,2.0,0.3332580481256757,0.28499444480780717,0.48263604175913466,0.6366758241758241,0.29806848620320414,0.7697906326461624,0.3452406946119371,0.4037077023432805,1.3444512605667114,0.6548387096774193,1.7330889954933753,0.5646153846153846
