label,total,correct,accuracy
0,260,214,0.823076923076923
1,260,187,0.7192307692307692
2,260,213,0.8192307692307692
3,260,183,0.7038461538461539
4,260,151,0.5807692307692308
5,260,106,0.4076923076923077
6,260,188,0.7230769230769231
7,260,178,0.6846153846153846
8,260,220,0.8461538461538461
9,260,208,0.8
