epoch,lr,alpha,train_loss,mixed_loss,gold_stability_loss,train_accuracy,mean_r_prob,mean_r_sim,mean_gold_consistency,mean_control,val_loss,val_accuracy,test_loss,test_accuracy
1,0.001,2.0,0.7014502194628577,0.5777171208016803,1.237330924956408,0.3231114435302917,0.2070610803191842,0.8400002752744893,0.2070610803191842,0.29908709215779045,1.861595353083824,0.4701492537313433,2.3472652975640504,0.4251679902260232
2,0.001,2.0,0.5312155750409471,0.4346194677194197,0.9659610914488559,0.43455497382198954,0.20706107782265457,0.840000273847901,0.20706107782265457,0.2990870978641439,1.8321374370090997,0.4925373134328358,2.195463694372626,0.4636530238240684
3,0.001,2.0,0.46192949892160334,0.37872657908729945,0.8320291715499262,0.4801795063575168,0.20706108103247836,0.8400002767010777,0.20706108103247836,0.29908709572426134,1.8254140882349725,0.5298507462686567,2.205050923144155,0.4483811850946854
4,0.001,2.0,0.4102970448196514,0.34054367116073575,0.6975337032872345,0.5100972326103216,0.20706107996253711,0.8400002709947242,0.20706107996253711,0.29908709964737934,1.6138352547118913,0.5746268656716418,1.982628761447634,0.5015271838729383
5,0.001,2.0,0.35460865484214843,0.29644366833552016,0.5816498639517608,0.56226626776365,0.20706107817930167,0.8400002795542544,0.20706107817930167,0.2990870971508497,1.4954609479477157,0.5970149253731343,1.8476988956851061,0.5424557116676848
6,0.001,2.0,0.31789141801996024,0.26784452758088606,0.5004689082692787,0.5942408376963351,0.2070610828157138,0.8400002752744893,0.2070610828157138,0.29908709822079094,1.5907901792383905,0.5597014925373134,1.9300969970175312,0.5369578497251069
7,0.001,2.0,0.28771983331143186,0.24377304443737063,0.439467900398514,0.6277112939416605,0.2070610803191842,0.8400002724213126,0.2070610803191842,0.2990870975074968,1.5466651952088768,0.5895522388059702,1.7905310152796032,0.5461209529627367
8,0.001,2.0,0.255941243740544,0.2180414683420264,0.3789977474763666,0.6585639491398654,0.20706108138912546,0.8400002824074311,0.20706108138912546,0.2990870964375555,1.5006170174968776,0.5597014925373134,1.7904836347937656,0.5644471594379963
