label,total,correct,accuracy
0,260,224,0.8615384615384616
1,260,188,0.7230769230769231
2,260,220,0.8461538461538461
3,260,161,0.6192307692307693
4,260,178,0.6846153846153846
5,260,177,0.6807692307692308
6,260,196,0.7538461538461538
7,260,158,0.6076923076923076
8,260,240,0.9230769230769231
9,260,165,0.6346153846153846
