epoch,lr,alpha,train_loss,mixed_loss,gold_stability_loss,train_accuracy,mean_r_prob,mean_r_sim,mean_gold_consistency,mean_control,val_loss,val_accuracy,test_loss,test_accuracy
1,0.001,2.0,1.140513546803859,0.8117521513551585,1.6438069307902186,0.3163799551234106,0.14392672373273074,0.8423497107997258,0.2836113264958361,0.3457529778434166,2.137951039556247,0.4552238805970149,2.412378380774869,0.3842394624312767
2,0.001,2.0,0.8597722069131142,0.6242775534995029,1.1774732442426432,0.43100224382946895,0.1439267235544072,0.8423497107997258,0.2836113272091303,0.3457529771301224,1.858505620885251,0.48507462686567165,2.085133379672312,0.4612095296273671
3,0.001,2.0,0.7259652759035577,0.5427358081827613,0.9161473281274737,0.4925205684367988,0.14392672301943657,0.8423497093731375,0.28361132542589484,0.3457529771301224,1.899582473199759,0.47761194029850745,2.0531379927493627,0.4660965180207697
4,0.001,2.0,0.6295060745886929,0.4802855948681428,0.7461023828211166,0.5362752430815259,0.14392672248446595,0.8423497136529026,0.28361132471260064,0.3457529792700049,1.6587714846454449,0.5671641791044776,1.897343848344387,0.5064141722663409
5,0.001,2.0,0.5484670917311977,0.427404524054916,0.6053128211731864,0.5798429319371727,0.14392672248446595,0.8423497065199608,0.28361132471260064,0.3457529771301224,1.7012331005352646,0.5149253731343284,1.8687147706037042,0.5216860109957239
6,0.001,2.0,0.5022353175734975,0.3978907400177946,0.5217228783496566,0.599476439790576,0.14392672248446595,0.8423497093731375,0.28361132827907154,0.3457529778434166,1.709920799554284,0.5373134328358209,1.849215482602268,0.5241295051924252
7,0.001,2.0,0.45537031793558697,0.3662838660787983,0.4454322500111188,0.6295811518324608,0.14392672408937784,0.8423497150794909,0.28361132578254195,0.3457529735636515,1.6687825775858183,0.5447761194029851,1.6600057599598412,0.5662797800855223
