epoch,lr,alpha,train_loss,mixed_loss,gold_stability_loss,train_accuracy,mean_r_prob,mean_r_sim,mean_gold_consistency,mean_control,val_loss,val_accuracy,test_loss,test_accuracy
1,0.001,2.0,0.5221808975214487,0.4301204088625017,0.6137365603184962,0.5737637362637362,0.495378849532578,0.8644030906341889,0.5322812583420303,0.5535051188626132,0.707395290559338,0.7483870967741936,1.0373031139373778,0.645
2,0.001,2.0,0.4024745828502781,0.33019058868125245,0.4818932707493122,0.6450549450549451,0.49537884376861235,0.8644030843462263,0.532281264105996,0.5535051167666257,0.5651339284835323,0.8193548387096774,0.9556217899689308,0.676923076923077
3,0.001,2.0,0.3633963826593462,0.2981968029514774,0.43466385439202027,0.6730769230769231,0.49537884848458424,0.8644030927301763,0.5322812562460427,0.5535051104786631,0.6140843937473912,0.8,0.9570098829269409,0.683076923076923
4,0.001,2.0,0.3278473309108189,0.26918502436889397,0.3910820363642095,0.7013736263736263,0.49537884691259365,0.8644030927301763,0.532281259390024,0.5535051115266569,0.6980817098771372,0.7774193548387097,1.0223205916698161,0.6588461538461539
5,0.001,2.0,0.29766887177477824,0.24335335145939838,0.3621034523942968,0.7192307692307692,0.495378845340603,0.8644030874902076,0.5322812588660272,0.553505107334682,0.5141137598022338,0.8161290322580645,0.9293857935758737,0.6984615384615385
6,0.001,2.0,0.2796550956401196,0.22916756815962738,0.336583507847,0.7391483516483517,0.4953788448166061,0.8644031000661326,0.5322812546740522,0.5535051104786631,0.658144276372848,0.7483870967741936,0.9839298510551453,0.686923076923077
7,0.001,2.0,0.25940635865861245,0.21266808942124082,0.3115884473035624,0.753021978021978,0.495378845340603,0.86440309377817,0.5322812620100085,0.5535051157186319,0.634285222330401,0.7870967741935484,0.9678050892169658,0.6884615384615385
8,0.001,2.0,0.24276462213678673,0.20106529423168729,0.2779955117257087,0.7652472527472527,0.49537885162856554,0.8644030927301763,0.532281263581999,0.5535051146706382,0.5636365292533752,0.8064516129032258,0.9267086482048035,0.7015384615384616
