label,total,correct,accuracy
0,260,218,0.8384615384615385
1,260,158,0.6076923076923076
2,260,217,0.8346153846153846
3,260,142,0.5461538461538461
4,260,165,0.6346153846153846
5,260,202,0.7769230769230769
6,260,176,0.676923076923077
7,260,164,0.6307692307692307
8,260,232,0.8923076923076924
9,260,150,0.5769230769230769
