epoch,lr,alpha,train_loss,mixed_loss,gold_stability_loss,train_accuracy,mean_r_prob,mean_r_sim,mean_gold_consistency,mean_control,val_loss,val_accuracy,test_loss,test_accuracy
1,0.001,2.0,1.0731224563020152,0.8156669735908508,1.7163697876142048,0.31488406881077036,0.14392672373273074,0.8423497122263142,0.2836113264958361,0.3457529785567107,2.109691036281301,0.44029850746268656,2.426588503704176,0.38179596823457546
2,0.001,2.0,0.8145146369934082,0.6219748295592834,1.283598674975319,0.43025430067314885,0.1439267235544072,0.8423497107997258,0.2836113272091303,0.3457529771301224,1.857313969242039,0.4701492537313433,2.021798049959382,0.4758704948075748
3,0.001,2.0,0.6928997904218305,0.5370660064910541,1.038891828407881,0.4973821989528796,0.14392672301943657,0.8423497107997258,0.28361132542589484,0.3457529771301224,1.8898779740974085,0.4701492537313433,2.0299423206267595,0.47342700061087356
4,0.001,2.0,0.6064476176884608,0.4762741718705947,0.8678229466337005,0.5360882572924458,0.14392672248446595,0.8423497107997258,0.28361132471260064,0.3457529792700049,1.670518969421956,0.5522388059701493,1.8367636294793122,0.5082467929138669
5,0.001,2.0,0.5305033135788603,0.42122017849089055,0.7285541856386988,0.5826477187733732,0.14392672248446595,0.8423497065199608,0.28361132471260064,0.3457529771301224,1.7780767750384203,0.5074626865671642,1.8488119954223958,0.5357361026267563
6,0.001,2.0,0.4864931532091941,0.39106541399467143,0.6361849052119629,0.6050860134629769,0.14392672248446595,0.8423497093731375,0.28361132756577734,0.3457529778434166,1.7720603248966273,0.5447761194029851,1.8273136123477793,0.5247403787416005
7,0.001,2.0,0.4464499124102211,0.36298485177171347,0.5564337226108731,0.631077038145101,0.14392672408937784,0.8423497150794909,0.28361132578254195,0.3457529735636515,1.6723174924281106,0.5522388059701493,1.6499964534763016,0.5729993891264509
