epoch,lr,alpha,train_loss,mixed_loss,gold_stability_loss,train_accuracy,mean_r_prob,mean_r_sim,mean_gold_consistency,mean_control,val_loss,val_accuracy,test_loss,test_accuracy
1,0.001,2.0,0.6666171355561896,0.539905901662596,0.63355613724216,0.384478021978022,0.2635594857918037,0.7667364424401587,0.3138771761904706,0.3762744657285921,0.7332028792750451,0.7225806451612903,1.1252472833486704,0.6203846153846154
2,0.001,2.0,0.5946478154633071,0.4927316305401561,0.5095809268427419,0.41881868131868133,0.2635594852678068,0.7667364372001899,0.3138771754044753,0.37627446206061393,0.7926022098910424,0.7193548387096774,1.145124722810892,0.6284615384615385
3,0.001,2.0,0.55971342587209,0.4692414199912941,0.452360038115428,0.45,0.26355948657779904,0.7667364372001899,0.31387717697646594,0.37627445996462644,0.7813303197583844,0.7193548387096774,1.1895345456783588,0.6338461538461538
4,0.001,2.0,0.5340412353421305,0.45233138904466735,0.40854925087520055,0.46057692307692305,0.26355948395781464,0.7667364392961774,0.31387717592847214,0.37627446415660143,0.8352093654294168,0.7354838709677419,1.2438457859479464,0.6265384615384615
