label,total,correct,accuracy
0,260,221,0.85
1,260,146,0.5615384615384615
2,260,200,0.7692307692307693
3,260,78,0.3
4,260,176,0.676923076923077
5,260,153,0.5884615384615385
6,260,202,0.7769230769230769
7,260,83,0.3192307692307692
8,260,223,0.8576923076923076
9,260,166,0.6384615384615384
