label,total,correct,accuracy
0,260,216,0.8307692307692308
1,260,153,0.5884615384615385
2,260,198,0.7615384615384615
3,260,95,0.36538461538461536
4,260,188,0.7230769230769231
5,260,85,0.3269230769230769
6,260,210,0.8076923076923077
7,260,102,0.3923076923076923
8,260,193,0.7423076923076923
9,260,201,0.7730769230769231
