epoch,lr,alpha,train_loss,mixed_loss,gold_stability_loss,train_accuracy,mean_r_prob,mean_r_sim,mean_gold_consistency,mean_control,val_loss,val_accuracy,test_loss,test_accuracy
1,0.001,2.0,1.2769146877330737,1.0198032511459603,0.8570380852772639,0.4552197802197802,0.4023888111114502,0.8768802391303765,0.6396345253829118,0.6579812364263848,0.8468087573205271,0.7387096774193549,1.0956805001772367,0.6173076923076923
2,0.001,2.0,1.1290304500978072,0.9152968360827519,0.7124453373007722,0.5063186813186813,0.40238880744347205,0.8768802380823827,0.6396345222389305,0.6579812427143474,0.865399295283902,0.6935483870967742,1.0695592605150663,0.6253846153846154
3,0.001,2.0,1.0552903007675003,0.8654508759687235,0.6327980610040518,0.5377747252747253,0.4023888105874533,0.8768802380823827,0.639634524334918,0.6579812385223724,0.8203383011202658,0.7258064516129032,1.0087819172785832,0.6561538461538462
4,0.001,2.0,1.007417115012368,0.8331743541654649,0.5808091661432288,0.5578296703296703,0.4023888105874533,0.8768802328424139,0.6396345180469555,0.6579812395703661,0.6852418426544435,0.7709677419354839,0.9514912770344661,0.6607692307692308
5,0.001,2.0,0.9643111895728897,0.8028368230704422,0.5382478635389726,0.5645604395604396,0.40238881215944394,0.8768802359863952,0.6396345190949493,0.6579812364263848,0.7289956777326523,0.7741935483870968,0.9349930104842553,0.6888461538461539
6,0.001,2.0,0.9282172753260686,0.7772853649579562,0.5031063508201431,0.5821428571428572,0.40238880953945955,0.8768802317944202,0.6396345169989617,0.6579812385223724,0.7212454072890743,0.7516129032258064,0.9715341467123765,0.6730769230769231
7,0.001,2.0,0.8689862966537476,0.733653282071208,0.4511100260111002,0.6067307692307692,0.4023888084914658,0.8768802328424139,0.6396345190949493,0.6579812448103349,0.6996053626460413,0.7612903225806451,0.9264325602237995,0.6915384615384615
