label,total,correct,accuracy
0,260,213,0.8192307692307692
1,260,171,0.6576923076923077
2,260,213,0.8192307692307692
3,260,157,0.6038461538461538
4,260,182,0.7
5,260,149,0.573076923076923
6,260,192,0.7384615384615385
7,260,171,0.6576923076923077
8,260,229,0.8807692307692307
9,260,188,0.7230769230769231
