epoch,lr,alpha,train_loss,mixed_loss,gold_stability_loss,train_accuracy,mean_r_prob,mean_r_sim,mean_gold_consistency,mean_control,val_loss,val_accuracy,test_loss,test_accuracy
1,0.001,2.0,0.4385410655985822,0.37519979332829567,0.6334127407152574,0.5748626373626373,0.495378849532578,0.8644030927301763,0.495378849532578,0.5260198257781648,0.6507449707677287,0.7806451612903226,1.0317359878466679,0.6519230769230769
2,0.001,2.0,0.3392261884369693,0.288224343087647,0.5100184440612793,0.635989010989011,0.49537884376861235,0.864403089586195,0.49537884376861235,0.5260198215861897,0.5973520351994422,0.7935483870967742,0.9562969380158645,0.6715384615384615
3,0.001,2.0,0.3001287736080505,0.2547288493795709,0.4539992306258652,0.6689560439560439,0.49537884848458424,0.86440309377817,0.49537884848458424,0.5260198147742303,0.6018249638618961,0.8129032258064516,0.9573942182614253,0.6865384615384615
4,0.001,2.0,0.27428096310122985,0.2318465137219691,0.4243445174379663,0.6938186813186813,0.49537884691259365,0.8644030948261638,0.49537884691259365,0.526019824730171,0.6806841946417286,0.7903225806451613,1.0314693889251123,0.6546153846153846
5,0.001,2.0,0.24930617226349128,0.20904900772230967,0.40257163152589903,0.7107142857142857,0.495378845340603,0.8644030874902076,0.495378845340603,0.5260198210621928,0.5431570706828948,0.8258064516129032,0.9411391654381385,0.7
6,0.001,2.0,0.23781136470836597,0.20075886111993055,0.37052502095044315,0.7271978021978022,0.4953788448166061,0.8644031021621201,0.4953788448166061,0.5260198210621928,0.6544584258910149,0.7709677419354839,0.9598089031072763,0.6907692307692308
7,0.001,2.0,0.21860788543145734,0.18372499713530907,0.3488288592506241,0.7425824175824176,0.495378845340603,0.8644030948261638,0.495378845340603,0.5260198263021616,0.6093203636907762,0.7967741935483871,0.9533158570069533,0.6857692307692308
8,0.001,2.0,0.19947235341910477,0.16853375277676425,0.30938600786439663,0.7570054945054945,0.49537885162856554,0.8644031000661326,0.49537885162856554,0.5260198173942147,0.5569883907994916,0.8064516129032258,0.8987844973344069,0.7176923076923077
