label,total,correct,accuracy
0,260,219,0.8423076923076923
1,260,164,0.6307692307692307
2,260,233,0.8961538461538462
3,260,152,0.5846153846153846
4,260,179,0.6884615384615385
5,260,189,0.7269230769230769
6,260,185,0.7115384615384616
7,260,152,0.5846153846153846
8,260,235,0.9038461538461539
9,260,158,0.6076923076923076
