label,total,correct,accuracy
0,260,189,0.7269230769230769
1,260,137,0.5269230769230769
2,260,205,0.7884615384615384
3,260,85,0.3269230769230769
4,260,172,0.6615384615384615
5,260,105,0.40384615384615385
6,260,217,0.8346153846153846
7,260,144,0.5538461538461539
8,260,204,0.7846153846153846
9,260,177,0.6807692307692308
