epoch,lr,alpha,train_loss,mixed_loss,gold_stability_loss,train_accuracy,mean_r_prob,mean_r_sim,mean_gold_consistency,mean_control,val_loss,val_accuracy,test_loss,test_accuracy
1,0.001,2.0,0.5993799879000737,0.49982028321905453,0.6637313278166802,0.37623626373626373,0.2635594857918037,0.7667364392961774,0.2887183304671403,0.35846659796578545,0.8037280801803836,0.7064516129032258,1.1667181987028856,0.6042307692307692
2,0.001,2.0,0.5380051134706854,0.45433673701443517,0.5577891601310981,0.4130494505494505,0.2635594852678068,0.7667364403441712,0.28871833387311996,0.35846659744178855,0.8823838787694132,0.6806451612903226,1.1901904304210957,0.6069230769230769
3,0.001,2.0,0.5058127344309629,0.4305612004720248,0.5016769030591943,0.439010989010989,0.26355948657779904,0.7667364403441712,0.2887183325631278,0.35846659744178855,0.8170465503969501,0.7258064516129032,1.2007165206395662,0.6265384615384615
4,0.001,2.0,0.48093245402797236,0.4136038456644331,0.4488573692657135,0.4625,0.26355948395781464,0.7667364372001899,0.2887183302051418,0.3584665990137792,0.8597944971053831,0.7580645161290323,1.2291078477639419,0.6276923076923077
