label,total,correct,accuracy
0,260,161,0.6192307692307693
1,260,149,0.573076923076923
2,260,212,0.8153846153846154
3,260,149,0.573076923076923
4,260,156,0.6
5,260,57,0.21923076923076923
6,260,209,0.8038461538461539
7,260,173,0.6653846153846154
8,260,166,0.6384615384615384
9,260,200,0.7692307692307693
