label,total,correct,accuracy
0,260,197,0.7576923076923077
1,260,154,0.5923076923076923
2,260,220,0.8461538461538461
3,260,171,0.6576923076923077
4,260,106,0.4076923076923077
5,260,115,0.4423076923076923
6,260,214,0.823076923076923
7,260,170,0.6538461538461539
8,260,199,0.7653846153846153
9,260,211,0.8115384615384615
