label,total,correct,accuracy
0,260,217,0.8346153846153846
1,260,192,0.7384615384615385
2,260,218,0.8384615384615385
3,260,168,0.6461538461538462
4,260,175,0.6730769230769231
5,260,132,0.5076923076923077
6,260,193,0.7423076923076923
7,260,189,0.7269230769230769
8,260,220,0.8461538461538461
9,260,210,0.8076923076923077
