label,total,correct,accuracy
0,260,222,0.8538461538461538
1,260,162,0.6230769230769231
2,260,195,0.75
3,260,120,0.46153846153846156
4,260,170,0.6538461538461539
5,260,90,0.34615384615384615
6,260,214,0.823076923076923
7,260,131,0.5038461538461538
8,260,198,0.7615384615384615
9,260,188,0.7230769230769231
