epoch,lr,alpha,train_loss,mixed_loss,gold_stability_loss,train_accuracy,mean_r_prob,mean_r_sim,mean_gold_consistency,mean_control,val_loss,val_accuracy,test_loss,test_accuracy
1,0.001,2.0,1.3424821502559787,1.1905486625629467,1.0128898200097975,0.446978021978022,0.29806848829919164,0.7697906420781062,0.7697906420781062,0.7811639094090723,1.0699901519283173,0.6419354838709678,1.2989898916391227,0.5488461538461539
2,0.001,2.0,1.1490618255112197,1.0200796545206845,0.8598811219026754,0.515521978021978,0.2980684872511979,0.7697906462700812,0.7697906462700812,0.7811639156970349,0.912653120102421,0.6967741935483871,1.0871904077896706,0.6042307692307692
3,0.001,2.0,1.0484560772612854,0.9343878215485877,0.760455012190473,0.5572802197802198,0.2980684827972244,0.7697906378861312,0.7697906378861312,0.7811639041691036,1.05994954493738,0.6419354838709678,1.260015464929434,0.5634615384615385
4,0.001,2.0,0.9887288426304911,0.8798958712881738,0.725553131889511,0.5846153846153846,0.2980684851552104,0.7697906410301124,0.7697906410301124,0.7811639094090723,0.9393249496336906,0.6774193548387096,1.1212515726456276,0.6007692307692307
5,0.001,2.0,0.936035029573755,0.8333568905736064,0.68452090548945,0.6017857142857143,0.2980684838452182,0.7697906389341249,0.7697906389341249,0.7811639052170973,0.948661450416811,0.6870967741935484,1.2169578284483689,0.5907692307692308
