label,total,correct,accuracy
0,260,183,0.7038461538461539
1,260,168,0.6461538461538462
2,260,234,0.9
3,260,82,0.3153846153846154
4,260,177,0.6807692307692308
5,260,116,0.4461538461538462
6,260,154,0.5923076923076923
7,260,131,0.5038461538461538
8,260,194,0.7461538461538462
9,260,132,0.5076923076923077
