label,total,correct,accuracy
0,260,185,0.7115384615384616
1,260,17,0.06538461538461539
2,260,208,0.8
3,260,12,0.046153846153846156
4,260,23,0.08846153846153847
5,260,244,0.9384615384615385
6,260,17,0.06538461538461539
7,260,31,0.11923076923076924
8,260,178,0.6846153846153846
9,260,79,0.3038461538461538
