epoch,lr,alpha,train_loss,mixed_loss,gold_stability_loss,train_accuracy,mean_r_prob,mean_r_sim,mean_gold_consistency,mean_control,val_loss,val_accuracy,test_loss,test_accuracy
1,0.001,2.0,1.1534115249930519,1.0672159972436943,1.7239107122685184,0.2462602842183994,0.1675895196605103,0.8194808717440917,0.2979677937863563,0.35874314119143547,2.1978179056253007,0.40298507462686567,2.5332626316266302,0.4001221747098351
2,0.001,2.0,0.9789278981573295,0.9029024213485604,1.5205095500846184,0.32516828721017205,0.16758951912553968,0.819480868890915,0.2979677937863563,0.35874314047814126,1.9447441777186607,0.48507462686567165,2.2359857324717898,0.44410507025045814
3,0.001,2.0,0.8907240705429482,0.8218831568399114,1.3768182373260864,0.36948391922213913,0.1675895180555984,0.819480868890915,0.2979677937863563,0.35874314190472967,1.9643464284156686,0.4701492537313433,2.2716194627921467,0.41417226634086746
4,0.001,2.0,0.8351524134313516,0.7702346418718838,1.298355422629825,0.40089753178758414,0.16758951876889258,0.8194808745972684,0.29796779307306215,0.358743143331318,1.8690976100181467,0.5298507462686567,2.1249652353087503,0.47098350641417225
5,0.001,2.0,0.7729816366329778,0.7130878792383284,1.1978751862325505,0.44203440538519073,0.16758951930386323,0.8194808631845616,0.2979677952129447,0.3587431397648471,1.672180328796159,0.5298507462686567,1.9823265265020278,0.4917532070861332
6,0.001,2.0,0.7210528719933423,0.6658880069082855,1.1032973782910993,0.4736350037397158,0.16758951948218678,0.8194808731706801,0.29796779592623884,0.3587431426180238,1.7075692788878483,0.5,1.996707561253482,0.5015271838729383
7,0.001,2.0,0.691821431436018,0.6380919704886632,1.0745892859967503,0.4889678384442782,0.16758951859056906,0.8194808660377383,0.2979677937863563,0.35874313833825877,1.673810490921362,0.5671641791044776,1.9316068720948645,0.51435552840562
8,0.001,2.0,0.6480218193472189,0.5973424490655458,1.013587394176175,0.5078534031413613,0.1675895200171574,0.8194808674643266,0.29796779663953304,0.35874314119143547,1.777494733013324,0.5447761194029851,1.9875530763304519,0.49786194257788635
