epoch,lr,alpha,train_loss,mixed_loss,gold_stability_loss,train_accuracy,mean_r_prob,mean_r_sim,mean_gold_consistency,mean_control,val_loss,val_accuracy,test_loss,test_accuracy
1,0.001,2.0,1.062961822813684,1.062961822813684,1.1021341502011477,0.40906593406593406,0.4079222532419058,0.8686224224803212,0.6382723326211447,0.6575637838342687,1.0814330616304952,0.6612903225806451,1.2215046163705678,0.5946153846153847
2,0.001,2.0,0.9474062272480556,0.9474062272480556,0.985216831767952,0.47376373626373625,0.40792224695394325,0.8686224109523899,0.6382723294771635,0.657563791170225,0.9287962828913042,0.7,1.1140785272304827,0.6134615384615385
3,0.001,2.0,0.900559447492872,0.900559447492872,0.9358165269369607,0.5061813186813187,0.40792225271790894,0.8686224224803212,0.638272339957101,0.6575637880262438,0.9570290857745755,0.7064516129032258,1.1154826387992272,0.6246153846153846
4,0.001,2.0,0.8604161768169194,0.8604161768169194,0.8863831792558943,0.5217032967032967,0.40792224957392764,0.8686224172403524,0.638272331573151,0.65756378697825,0.9351964366051458,0.6903225806451613,1.1278084087371827,0.6092307692307692
5,0.001,2.0,0.8334506955775586,0.8334506955775586,0.8682880121272999,0.5453296703296703,0.4079222506219214,0.8686224172403524,0.6382723305251572,0.6575637848822625,0.9802844332110497,0.6774193548387096,1.1113042149176964,0.6311538461538462
