label,total,correct,accuracy
0,260,210,0.8076923076923077
1,260,172,0.6615384615384615
2,260,209,0.8038461538461539
3,260,87,0.3346153846153846
4,260,181,0.6961538461538461
5,260,123,0.47307692307692306
6,260,226,0.8692307692307693
7,260,86,0.33076923076923076
8,260,147,0.5653846153846154
9,260,200,0.7692307692307693
